CCAA;FECHA;CASOS;PCR+;TestAc+;Hospitalizados;UCI;Fallecidos;Recuperados
AN;;;;;;;;
AR;;;;;;;;
AS;;;;;;;;
IB;;1;;;;;;
CN;;1;;;;;;
CB;;;;;;;;
CM;;;;;;;;
CL;;0;;;;;;
CT;;0;;;;;;
CE;;;;;;;;
VC;;;;;26;0;;
EX;;;;;;;;
GA;;;;;;;;
MD;;;0;;;;;
ML;;;;;;;;
MC;;;;;;;;
NC;;;;;;;;
PV;;;;;;;;
RI;;;;;;;;
AN;;;;;;;;
AR;;;;;;;;
AS;;;;;;;;
IB;;1;;;;;;
CN;;1;;;;;;
CB;;;;;;;;
CM;;;;;;;;
CL;;0;;;;;;
CT;;0;;;;;;
CE;;;;;;;;
VC;;;;;30;1;;
EX;;;;;;;;
GA;;;;;;;;
MD;;;0;;;;;
ML;;;;;;;;
MC;;;;;;;;
NC;;;;;;;;
PV;;;;;;;;
RI;;;;;;;;
AN;;;;;;;;
AR;;;;;;;;
AS;;;;;;;;
IB;;1;;;;;;
CN;;1;;;;;;
CB;;;;;;;;
CM;;;;;;;;
CL;;0;;;;;;
CT;;0;;;;;;
CE;;;;;;;;
VC;;;;;33;1;;
EX;;;;;;;;
GA;;;;;;;;
MD;;;0;;;;;
ML;;;;;;;;
MC;;;;;;;;
NC;;;;;;;;
PV;;;;;;;;
RI;;;;;;;;
AN;;;;;;;;
AR;;;;;;;;
AS;;;;;;;;
IB;;1;;;;;;
CN;;1;;;;;;
CB;;;;;;;;
CM;;;;;;;;
CL;;0;;;;;;
CT;;0;;;;;;
CE;;;;;;;;
VC;;;;;38;2;;
EX;;;;;;;;
GA;;;;;;;;
MD;;;0;;;;;
ML;;;;;;;;
MC;;;;;;;;
NC;;;;;;;;
PV;;;;;;;;
RI;;;;;;;;
AN;;;;;;;;
AR;;;;;;;;
AS;;;;;;;;
IB;;1;;;;;;
CN;;2;;;;;;
CB;;;;;;;;
CM;;;;;;;;
CL;;0;;;;;;
CT;;0;;;;;;
CE;;;;;;;;
VC;;;;;49;2;;
EX;;;;;;;;
GA;;;;;;;;
MD;;;0;;;;;
ML;;;;;;;;
MC;;;;;;;;
NC;;;;;;;;
PV;;;;;;;;
RI;;;;;;;;
AN;;;0;;;;;
AR;;;;;;;;
AS;;;;;;;;
IB;;1;;;;;;
CN;;5;;;;;;
CB;;;;;;;;
CM;;;;;;;;
CL;;0;;;;;;
CT;;1;;;;;;
CE;;;;;;;;
VC;;1;;;58;2;;
EX;;;;;;;;
GA;;;;;;;;
MD;;;1;;;;;
ML;;;;;;;;
MC;;;;;;;;
NC;;;;;;;;
PV;;;;;;;;
RI;;;;;;;;
AN;;;1;;;;;
AR;;;;;;;;
AS;;;;;;;;
IB;;1;;;;;;
CN;;6;;;;;;
CB;;;;;;;;
CM;;;;;;;;
CL;;0;;;;;;
CT;;2;;;;;;
CE;;;;;;;;
VC;;2;;;63;3;;
EX;;;;;;;;
GA;;;;;;;;
MD;;;5;;;;;
ML;;;;;;;;
MC;;;;;;;;
NC;;;;;;;;
PV;;;;;;;;
RI;;;;;;;;
AN;;;6;;;;;
AR;;;;;;;;
AS;;;;;;;;
IB;;1;;;;;;
CN;;6;;;;;;
CB;;;;;;;;
CM;;;;;;;;
CL;;0;;;;;;
CT;;3;;;;;;
CE;;;;;;;;
VC;;8;;;73;3;;
EX;;;;;;;;
GA;;;;;;;;
MD;;;9;;;;;
ML;;;;;;;;
MC;;;;;;;;
NC;;;;;;;;
PV;;;;;;;;
RI;;;;;;;;
AN;;;8;;;;;
AR;;;;;;;;
AS;;;;;;;;
IB;;2;;;;;;
CN;;6;;;;;;
CB;;;;;;;;
CM;;;;;;;;
CL;;2;;;;;;
CT;;5;;;;;;
CE;;;;;;;;
VC;;10;;;78;3;;
EX;;;;;;;;
GA;;;;;;;;
MD;;;19;;;;;
ML;;;;;;;;
MC;;;;;;;;
NC;;;;;;;;
PV;;2;;;;;;
RI;;;;;;;;
AN;;;12;;;;;
AR;;;;;;;;
AS;;1;;;;;;
IB;;2;;;;;;
CN;;7;;;;;;
CB;;1;;;;;;
CM;;1;;;;;;
CL;;2;;;;;;
CT;;6;;;;;;
CE;;;;;;;;
VC;;15;;;85;3;;
EX;;4;;;;;;
GA;;;;;;;;
MD;;;26;;;;;
ML;;;;;;;;
MC;;;;;;;;
NC;;1;;;;;;
PV;;3;;;;;;
RI;;;;;;;;
AN;;;12;;;;;
AR;;;;;;;;
AS;;1;;;;;;
IB;;2;;;;;;
CN;;7;;;;;;
CB;;10;;;;;;
CM;;3;;;;;;
CL;;2;;;;;;
CT;;15;;;;;;
CE;;;;;;;;
VC;;15;;;88;3;;
EX;;6;;;;;;
GA;;;;;;;;
MD;;;51;;;;;
ML;;;;;;;;
MC;;;;;;;;
NC;;1;;;;;;
PV;;9;;;;;;
RI;;1;;;;;;
AN;;;12;;;;;
AR;;0;;;;;;
AS;;1;;;;;;
IB;;2;;;;;;
CN;;7;;;;;;
CB;;10;;;;;;
CM;;7;;;;;;
CL;;7;;;;;;
CT;;15;;;;;;
CE;;0;;;;;;
VC;;15;;;93;3;;
EX;;6;;;;;;
GA;;0;;;;;;
MD;;;93;;;;;
ML;;0;;;;;;
MC;;0;;;;;;
NC;;1;;;;;;
PV;;13;;;;;;
RI;;3;;;;;;
AN;;;12;;;;;
AR;;0;;;;;;
AS;;2;;;;;;
IB;;5;;;;;;
CN;;7;;;;;;
CB;;10;;;;;;
CM;;12;;;;;;
CL;;8;;;;;;
CT;;15;;;;;;
CE;;0;;;;;;
VC;;19;;;105;5;;
EX;;6;;;;;;
GA;;1;;;;;;
MD;;;139;;;;;
ML;;0;;;;;;
MC;;0;;;;;;
NC;;3;;;;;;
PV;;17;;;;;;
RI;;7;;;;;;
AN;;;12;;;;;
AR;;1;;;;;;
AS;;5;;;;;;
IB;;6;;;;;;
CN;;8;;;;;;
CB;;10;;;;;;
CM;;13;;;;;;
CL;;12;;;;;;
CT;;24;;;;;;
CE;;0;;;;;;
VC;;19;;;117;6;;
EX;;6;;;;;;
GA;;1;;;;;;
MD;;;193;;;;;
ML;;0;;;;;;
MC;;0;;;;;;
NC;;3;;;;;;
PV;;17;;;;;;
RI;;11;;;;;;
AN;;;21;;;;;
AR;;6;;;;;;
AS;;5;;;;;;
IB;;6;;;;;;
CN;;11;;;;;;
CB;;10;;;;;;
CM;;15;;;;;;
CL;;13;;;;;;
CT;;24;;;;;;
CE;;0;;;;;;
VC;;30;;;130;8;;
EX;;6;;;;;;
GA;;3;;;;;;
MD;;;305;;;;;
ML;;0;;;;;;
MC;;0;;;;;;
NC;;3;;;;;;
PV;;45;;;;;;
RI;;29;;;;;;
AN;;;27;;;;;
AR;;11;;;;;;
AS;;5;;;;;;
IB;;6;;;;;;
CN;;11;;;;;;
CB;;10;;;;;;
CM;;15;;;;;;
CL;;14;;;;;;
CT;;24;;;;;;
CE;;0;;;;;;
VC;;30;;;138;8;;
EX;;6;;;;;;
GA;;3;;;;;;
MD;;;506;;;;;
ML;;0;;;;;;
MC;;0;;;;;;
NC;;3;;;;;;
PV;;45;;;;;;
RI;;39;;;;;;
AN;;;34;;;;;
AR;;11;;;;;;
AS;;7;;;;;;
IB;;8;;;;;;
CN;;17;;;;;;
CB;;12;;;;;;
CM;;15;;;;;;
CL;;21;;;;;;
CT;;49;;;;;;
CE;;0;;;;;;
VC;;37;;;146;9;;
EX;;6;;;;;;
GA;;5;;;;;;
MD;;;727;;;;;
ML;;0;;;;;;
MC;;1;;;;;;
NC;;3;;;;;;
PV;;70;;;;;;
RI;;55;;;;;;
AN;;;54;;;1;0;11
AR;;13;;;;3;3;
AS;;7;;;;2;0;
IB;;11;;;;1;0;2
CN;;22;;;;0;0;4
CB;;12;;;;0;0;
CM;;26;;;;2;0;2
CL;;30;;;;2;0;
CT;;59;;;16;5;2;2
CE;;0;;;;0;0;
VC;;37;;;153;9;1;1
EX;;7;;;;0;0;1
GA;;6;;;;2;0;
MD;;;988;;;53;16;
ML;;0;;;;0;0;
MC;;4;;;;0;0;
NC;;3;;;;1;0;
PV;;149;;;;5;6;2
RI;;81;;;;1;0;
AN;;;71;;;1;0;11
AR;;38;;;;3;4;0
AS;;22;;;;2;0;1
IB;;13;;;;1;0;3
CN;;25;;;;1;0;5
CB;;12;;;;0;0;
CM;;39;;;;3;0;2
CL;;40;;;;2;0;
CT;;82;;;31;7;2;5
CE;;;;;;0;0;
VC;;50;;;171;10;1;1
EX;;8;;;;0;0;1
GA;;22;;;;2;0;
MD;;;1491;;;77;21;109
ML;;;;;;0;0;
MC;;9;;;;0;0;
NC;;12;;;;2;0;
PV;;195;;;;5;6;2
RI;;144;;;;1;1;
AN;;;90;;32;3;0;11
AR;;45;;;22;3;4;0
AS;;32;;;12;2;0;1
IB;;16;;;8;1;0;1
CN;;37;;;10;1;0;5
CB;;12;;;0;0;0;0
CM;;71;;;0;5;0;2
CL;;64;;;14;2;0;0
CT;;123;;;50;8;3;6
CE;;0;;;0;0;0;0
VC;;65;;;200;12;1;1
EX;;9;;;2;1;1;1
GA;;35;;;7;2;0;0
MD;;;2192;;0;102;31;157
ML;;0;;;0;0;0;0
MC;;11;;;4;0;0;0
NC;;46;;;10;3;0;0
PV;;225;;;102;15;6;2
RI;;179;;;13;1;2;1
AN;;;115;;50;4;0;11
AR;;64;;;28;3;6;0
AS;;47;;;12;2;1;1
IB;;22;;;8;2;1;1
CN;;51;;;15;3;0;5
CB;;16;;;3;0;0;6
CM;;115;;;39;9;1;2
CL;;71;;;24;2;0;0
CT;;202;;;74;16;6;12
CE;;0;;;0;0;0;0
VC;;76;;;232;15;1;1
EX;;19;;;2;1;1;3
GA;;35;;;7;2;0;0
MD;;;2912;;0;135;56;157
ML;;0;;;0;0;0;0
MC;;26;;;5;1;0;0
NC;;73;;;17;3;0;0
PV;;346;;;146;18;11;1
RI;;205;;;21;1;2;1
AN;;;219;;92;8;0;0
AR;;80;;;30;3;7;0
AS;;67;;;16;2;1;1
IB;;28;;;9;2;1;1
CN;;70;;;15;3;0;5
CB;;29;;;3;0;0;7
CM;;194;;;78;10;5;1
CL;;92;;;25;4;0;1
CT;;349;;;137;22;9;19
CE;;0;;;0;0;0;0
VC;;94;;;271;22;1;2
EX;;39;;;3;1;1;3
GA;;85;;;15;2;0;0
MD;;;3693;;1304;180;81;157
ML;;2;;;3;0;0;0
MC;;35;;;8;2;0;0
NC;;130;;;28;4;0;0
PV;;417;;;179;20;14;2
RI;;243;;;27;2;3;1
AN;;;269;;92;8;2;0
AR;;121;;;42;5;7;0
AS;;92;;;16;2;1;1
IB;;28;;;9;2;1;1
CN;;90;;;15;6;1;7
CB;;31;;;3;0;0;7
CM;;289;;;78;10;6;5
CL;;169;;;25;8;1;2
CT;;558;;;200;29;13;32
CE;;0;;;0;0;0;0
VC;;130;;;307;29;4;2
EX;;66;;;3;1;2;4
GA;;115;;;32;7;0;3
MD;;;4633;;1518;180;86;474
ML;;3;;;3;0;0;0
MC;;47;;;8;2;0;0
NC;;146;;;28;4;0;0
PV;;521;;;179;22;14;5
RI;;278;;;38;2;3;1
AN;;;437;;92;8;6;0
AR;;147;;;59;5;7;0
AS;;137;;;16;3;1;1
IB;;42;;;9;2;1;1
CN;;109;;;15;6;1;7
CB;;51;;;3;0;0;10
CM;;401;;;78;10;10;5
CL;;223;;;45;8;3;3
CT;;742;;;287;40;15;39
CE;;1;;;0;0;0;0
VC;;409;;;339;37;5;2
EX;;95;;;8;1;2;4
GA;;195;;;32;8;2;4
MD;;;5528;;2337;253;213;474
ML;;8;;;4;0;0;0
MC;;71;;;13;2;0;0
NC;;183;;;34;4;0;0
PV;;630;;;262;29;23;5
RI;;300;;;58;7;3;1
AN;;;554;;197;11;7;0
AR;;174;;;64;7;11;0
AS;;177;;;16;3;1;3
IB;;73;;;21;4;1;1
CN;;119;;;40;9;1;7
CB;;58;;;18;2;0;10
CM;;567;;;207;23;17;12
CL;;292;;;45;8;6;5
CT;;1017;;;375;52;20;45
CE;;1;;;0;0;0;0
VC;;409;;;390;47;5;2
EX;;111;;;9;1;2;4
GA;;245;;;49;9;2;4
MD;;;6339;;2337;253;213;474
ML;;8;;;4;0;0;0
MC;;77;;;13;2;0;1
NC;;274;;;58;5;1;0
PV;;630;;;262;29;23;5
RI;;312;;;64;13;4;2
AN;;;683;;229;13;11;0
AR;;207;;;74;9;12;0
AS;;193;;;34;5;1;3
IB;;92;;;26;4;1;1
CN;;148;;;56;13;2;8
CB;;58;;;18;2;0;10
CM;;567;;;207;23;17;12
CL;;431;;;95;24;12;5
CT;;1414;;;525;73;23;58
CE;;1;;;0;0;0;0
VC;;541;;;456;52;13;12
EX;;153;;;18;2;3;5
GA;;292;;;49;9;3;7
MD;;;7593;;3710;340;355;951
ML;;17;;;4;0;0;0
MC;;97;;;18;3;0;1
NC;;313;;;72;10;2;0
PV;;765;;;309;33;36;11
RI;;355;;;82;13;5;2
AN;;;859;;319;21;19;38
AR;;226;;;81;9;13;0
AS;;242;;;45;5;1;4
IB;;112;;;29;4;1;4
CN;;181;;;73;17;3;8
CB;;68;;;25;3;1;10
CM;;675;;;277;29;28;15
CL;;668;;;281;43;22;5
CT;;1866;;;679;101;33;79
CE;;1;;;0;0;0;0
VC;;726;;;530;65;22;16
EX;;194;;;27;3;6;6
GA;;341;;;63;12;3;7
MD;;;9534;;3778;491;390;951
ML;;20;;;4;0;0;0
MC;;122;;;22;4;0;1
NC;;386;;;93;10;3;0
PV;;973;;;353;37;40;14
RI;;419;;;99;13;5;2
AN;;;1008;;384;25;23;33
AR;;281;;;101;14;15;0
AS;;292;;;61;6;1;4
IB;;169;;;31;7;2;6
CN;;220;;;82;23;3;9
CB;;83;;;40;4;1;10
CM;;801;;;313;37;42;27
CL;;868;;;362;54;29;27
CT;;2702;;;825;118;53;103
CE;;1;;;0;0;0;0
VC;;921;;;647;85;24;19
EX;;241;;;36;3;8;6
GA;;453;;;100;15;4;4
MD;;;11278;;5168;590;498;941
ML;;23;;;4;0;0;0
MC;;167;;;36;6;0;1
NC;;482;;;132;11;4;0
PV;;1190;;;455;44;53;18
RI;;468;;;121;15;5;2
AN;;;1287;;501;38;30;36
AR;;360;;;127;28;17;0
AS;;344;;;87;7;2;12
IB;;203;;;48;10;2;10
CN;;287;;;115;25;4;9
CB;;144;;;61;7;1;10
CM;;1044;;;313;37;42;27
CL;;1147;;;476;69;43;37
CT;;3270;;;994;175;93;147
CE;;5;;;0;0;0;0
VC;;1105;;;777;101;33;20
EX;;297;;;44;4;10;7
GA;;578;;;138;19;5;5
MD;;;13324;;6338;678;628;1186
ML;;24;;;5;1;0;0
MC;;204;;;47;11;0;1
NC;;554;;;172;19;5;1
PV;;1465;;;550;53;71;21
RI;;497;;;122;15;7;13
AN;;;1515;;605;53;40;36
AR;;424;;;192;33;22;0
AS;;486;;;133;12;5;16
IB;;246;;;60;14;4;11
CN;;348;;;139;29;7;7
CB;;215;;;92;9;2;11
CM;;1423;;;635;65;84;38
CL;;1466;;;629;85;55;54
CT;;4203;;;1681;271;122;192
CE;;5;;;0;0;0;0
VC;;1363;;;947;129;50;25
EX;;354;;;65;6;12;8
GA;;739;;;168;29;9;6
MD;;;15639;;7388;767;804;1542
ML;;25;;;8;1;0;0
MC;;240;;;61;14;1;1
NC;;664;;;222;25;9;1
PV;;1725;;;654;71;85;165
RI;;564;;;128;17;15;18
AN;;;1725;;724;55;47;38
AR;;532;;;241;45;24;3
AS;;545;;;171;15;8;20
IB;;331;;;79;14;4;17
CN;;414;;;150;32;9;7
CB;;282;;;116;9;5;11
CM;;1819;;;838;76;112;48
CL;;1744;;;798;106;74;89
CT;;5046;;;1917;290;143;247
CE;;5;;;0;0;0;0
VC;;1604;;;1136;152;69;30
EX;;384;;;87;8;14;8
GA;;915;;;227;35;12;16
MD;;;17299;;8441;834;1021;1899
ML;;25;;;12;1;0;0
MC;;296;;;78;16;1;1
NC;;794;;;288;30;14;4
PV;;2097;;;988;81;97;216
RI;;654;;;134;17;18;18
AN;;;1961;;865;77;58;50
AR;;638;;;298;52;32;30
AS;;594;;;194;22;12;21
IB;;400;;;87;27;10;18
CN;;481;;;172;32;11;7
CB;;347;;;157;14;6;11
CM;;2078;;;1547;142;145;51
CL;;2055;;;977;120;102;117
CT;;5747;;;2158;308;199;402
CE;;6;;;0;0;0;0
VC;;1901;;;1311;181;94;36
EX;;493;;;131;13;18;6
GA;;1208;;;270;47;18;19
MD;;;18796;;9561;942;1263;2063
ML;;28;;;12;1;0;0
MC;;345;;;80;23;2;1
NC;;886;;;339;40;24;7
PV;;2421;;;1252;92;120;283
RI;;747;;;166;22;22;18
AN;;;2470;;1132;102;87;66
AR;;758;;;384;66;37;3
AS;;662;;;224;23;22;30
IB;;478;;;127;35;10;19
CN;;557;;;207;36;16;8
CB;;425;;;200;16;9;12
CM;;2465;;;1826;182;216;53
CL;;2460;;;1197;137;124;140
CT;;7864;;;3209;471;293;631
CE;;6;;;0;0;0;0
VC;;2167;;;1562;222;115;37
EX;;636;;;161;20;26;8
GA;;1415;;;338;55;20;19
MD;;;21451;;10443;1050;1535;2291
ML;;28;;;12;1;0;0
MC;;385;;;99;26;3;1
NC;;1014;;;405;45;31;11
PV;;2728;;;1425;106;133;344
RI;;802;;;206;24;30;24
AN;;;3008;;1433;116;113;71
AR;;907;;;459;75;40;4
AS;;779;;;263;29;25;35
IB;;562;;;164;40;13;28
CN;;657;;;235;43;21;15
CB;;510;;;241;18;14;12
CM;;2780;;;2162;210;263;71
CL;;2940;;;1457;170;165;213
CT;;9937;;;4349;713;385;961
CE;;9;;;2;1;0;0
VC;;2616;;;1842;255;143;44
EX;;742;;;209;28;39;8
GA;;1653;;;412;69;27;25
MD;;;24276;;11153;1150;1825;3031
ML;;38;;;14;2;0;0
MC;;477;;;127;33;5;4
NC;;1197;;;506;51;33;23
PV;;3271;;;1577;119;155;466
RI;;928;;;254;33;37;43
AN;;;3404;;1626;134;134;77
AR;;1116;;;562;93;48;4
AS;;841;;;300;34;27;40
IB;;660;;;205;43;17;39
CN;;784;;;279;45;24;18
CB;;671;;;300;26;17;14
CM;;3383;;;2162;243;316;95
CL;;3488;;;1823;202;206;308
CT;;11592;;;5371;764;501;1008
CE;;10;;;2;2;0;0
VC;;3200;;;2097;289;167;57
EX;;969;;;241;34;58;24
GA;;1915;;;503;86;32;47
MD;;;27199;;12440;1221;2090;3882
ML;;39;;;16;2;1;0
MC;;596;;;172;36;8;9
NC;;1411;;;649;54;49;35
PV;;3946;;;1907;137;180;621
RI;;995;;;316;36;43;48
AN;;;3790;;1843;148;144;92
AR;;1338;;;693;114;58;8
AS;;900;;;339;47;29;52
IB;;755;;;237;46;22;67
CN;;878;;;328;61;27;20
CB;;810;;;355;29;21;19
CM;;3934;;;2707;273;367;153
CL;;4132;;;2214;228;252;423
CT;;12940;;;6714;972;685;1482
CE;;17;;;2;2;0;0
VC;;3532;;;2357;325;198;73
EX;;1231;;;277;41;69;33
GA;;2322;;;557;98;43;67
MD;;;30557;;13580;1312;2412;5044
ML;;42;;;18;2;1;0
MC;;714;;;209;53;15;12
NC;;1641;;;732;75;58;70
PV;;4601;;;2270;154;207;814
RI;;1236;;;388;43;55;62
AN;;;4271;;2106;172;175;139
AR;;1592;;;835;124;93;8
AS;;1004;;;408;50;33;65
IB;;862;;;283;59;26;80
CN;;1025;;;377;68;36;25
CB;;937;;;406;37;22;21
CM;;4512;;;2977;289;448;197
CL;;4791;;;2648;249;321;585
CT;;14263;;;7954;1036;827;1717
CE;;17;;;2;2;1;0
VC;;4034;;;2606;348;234;92
EX;;1394;;;312;40;88;49
GA;;2772;;;906;112;47;95
MD;;;32916;;14211;1404;2757;6326
ML;;45;;;22;2;1;0
MC;;802;;;231;58;17;12
NC;;1829;;;827;84;70;98
PV;;5136;;;2612;176;241;1023
RI;;1436;;;458;43;65;364
AN;;;4676;;2294;201;207;148
AR;;1858;;;835;124;104;8
AS;;1088;;;466;57;41;76
IB;;958;;;345;71;29;82
CN;;1125;;;425;78;39;30
CB;;1023;;;449;40;26;24
CM;;5246;;;3018;299;539;236
CL;;5414;;;3160;278;380;752
CT;;15025;;;8447;1080;904;1966
CE;;21;;;2;2;1;0
VC;;4784;;;2773;375;267;161
EX;;1456;;;313;41;100;51
GA;;3139;;;1043;123;60;153
MD;;;33931;;14454;1429;3082;7491
ML;;48;;;24;2;1;0
MC;;872;;;260;58;20;16
NC;;2011;;;896;90;84;125
PV;;5740;;;3106;271;265;1503
RI;;1629;;;497;43;68;397
AN;;;5398;;2671;216;236;155
AR;;2078;;;1094;156;106;174
AS;;1158;;;479;60;49;78
IB;;1000;;;353;80;37;100
CN;;1204;;;444;84;40;32
CB;;1100;;;481;46;27;24
CM;;5858;;;3134;302;622;252
CL;;5801;;;3411;307;442;871
CT;;16104;;;9126;1150;983;2168
CE;;25;;;2;2;1;0
VC;;5110;;;2914;393;310;185
EX;;1560;;;353;43;106;60
GA;;3723;;;1147;134;66;168
MD;;;34798;;14917;1460;3392;8301
ML;;51;;;27;3;1;0
MC;;939;;;265;58;25;17
NC;;2146;;;955;96;102;161
PV;;6057;;;3427;293;297;1646
RI;;1733;;;517;43;71;431
AN;;;5809;;2867;235;248;160
AR;;2272;;;1176;165;138;204
AS;;1236;;;529;65;55;90
IB;;1069;;;399;85;42;111
CN;;1262;;;483;94;55;57
CB;;1171;;;522;50;37;35
CM;;6424;;;3225;344;708;296
CL;;6211;;;3629;325;516;1028
CT;;18520;;;9925;1218;1216;2633
CE;;34;;;3;3;1;0
VC;;5508;;;3111;416;339;200
EX;;1628;;;371;51;133;91
GA;;4039;;;1250;149;84;187
MD;;;37343;;15140;1514;3603;9330
ML;;54;;;27;3;1;0
MC;;974;;;283;59;34;20
NC;;2305;;;1035;99;113;192
PV;;6320;;;3594;307;325;1796
RI;;1810;;;575;51;85;496
AN;;;6379;;3147;260;308;182
AR;;2491;;;1234;168;169;257
AS;;1322;;;590;76;63;109
IB;;1131;;;468;95;46;170
CN;;1380;;;532;110;62;77
CB;;1213;;;543;54;54;43
CM;;7047;;;3230;353;774;397
CL;;6847;;;3951;345;585;1259
CT;;19991;;;11446;1345;1458;3077
CE;;51;;;6;3;1;0
VC;;5922;;;3253;434;395;240
EX;;1679;;;372;58;152;113
GA;;4432;;;1338;158;103;259
MD;;;39117;;15227;1514;3865;10827
ML;;62;;;32;3;1;0
MC;;1041;;;304;59;37;43
NC;;2497;;;1120;104;130;236
PV;;6838;;;3806;324;369;2165
RI;;1960;;;619;54;90;569
AN;;;6957;;3444;280;343;228
AR;;2700;;;1320;178;200;320
AS;;1384;;;640;79;69;135
IB;;1204;;;517;105;58;239
CN;;1444;;;566;113;68;94
CB;;1268;;;567;57;60;60
CM;;7682;;;3230;355;854;494
CL;;7355;;;4207;353;641;1498
CT;;21804;;;12398;1415;1629;3683
CE;;55;;;7;3;1;0
VC;;6308;;;3389;449;443;432
EX;;1837;;;412;62;181;139
GA;;4842;;;1447;165;120;333
MD;;;40863;;15227;1528;4175;12400
ML;;62;;;32;3;1;0
MC;;1084;;;389;68;42;45
NC;;2682;;;1181;108;141;278
PV;;7317;;;4087;344;412;2490
RI;;2083;;;660;57;101;641
AN;;;7353;;3673;338;376;258
AR;;2889;;;1431;180;224;378
AS;;1433;;;702;86;70;154
IB;;1257;;;587;112;69;375
CN;;1490;;;605;120;73;102
CB;;1321;;;592;59;64;74
CM;;8523;;;3168;355;916;579
CL;;7875;;;4472;355;723;1759
CT;;23460;;;13101;1482;1784;3876
CE;;62;;;8;3;1;2
VC;;6624;;;3492;460;511;592
EX;;1893;;;415;64;200;164
GA;;5219;;;1630;178;138;435
MD;;;42667;;15050;1506;4483;13850
ML;;70;;;34;3;2;4
MC;;1145;;;405;72;46;90
NC;;2836;;;1284;119;151;294
PV;;7827;;;4283;363;444;2809
RI;;2224;;;738;64;109;745
AN;;;7847;;3896;364;426;463
AR;;3078;;;1505;190;251;440
AS;;1522;;;766;87;76;190
IB;;1271;;;634;114;71;422
CN;;1564;;;632;128;78;123
CB;;1384;;;619;60;68;99
CM;;9324;;;3133;360;989;657
CL;;8332;;;4685;348;786;2021
CT;;24734;;;14251;1569;1928;4589
CE;;73;;;8;4;1;2
VC;;6901;;;3560;470;571;695
EX;;1979;;;453;64;208;205
GA;;5625;;;1767;178;159;531
MD;;;44360;;14741;1498;4723;15362
ML;;79;;;37;3;2;9
MC;;1188;;;434;79;51;113
NC;;2972;;;1341;120;171;311
PV;;8187;;;4522;377;477;3098
RI;;2405;;;805;64;128;843
AN;;;8279;;4107;474;470;665
AR;;3232;;;1588;233;270;537
AS;;1605;;;808;90;80;216
IB;;1293;;;664;120;75;461
CN;;1622;;;644;129;80;137
CB;;1441;;;639;62;68;113
CM;;10031;;;2950;357;1055;1149
CL;;8749;;;4905;351;847;2331
CT;;26032;;;14798;1653;2053;5149
CE;;83;;;9;4;2;2
VC;;7184;;;3620;478;613;812
EX;;2047;;;417;66;218;215
GA;;5944;;;1831;170;174;587
MD;;;45238;;14551;1499;4941;16543
ML;;83;;;38;3;2;11
MC;;1235;;;447;80;59;130
NC;;3073;;;1399;123;178;334
PV;;8628;;;4666;404;515;3405
RI;;2592;;;855;66;134;904
AN;;;8559;;4227;489;491;798
AR;;3347;;;1637;237;284;565
AS;;1646;;;846;90;86;222
IB;;1320;;;683;121;81;531
CN;;1649;;;651;133;85;157
CB;;1483;;;658;65;77;118
CM;;10602;;;2901;354;1132;1259
CL;;9116;;;5041;348;919;2533
CT;;26824;;;15258;1685;2167;5374
CE;;83;;;9;4;3;2
VC;;7334;;;3668;487;637;930
EX;;2068;;;453;66;228;223
GA;;6151;;;1916;170;190;610
MD;;;45739;;14501;1510;5136;17322
ML;;86;;;38;3;2;11
MC;;1259;;;468;81;68;156
NC;;3231;;;1432;124;187;380
PV;;8810;;;4794;410;548;3568
RI;;2719;;;888;66;141;964
AN;;;8743;;4335;499;528;900
AR;;3449;;;1663;247;312;578
AS;;1679;;;889;91;96;244
IB;;1369;;;705;124;84;537
CN;;1725;;;689;137;89;186
CB;;1501;;;677;66;85;129
CM;;11077;;;2908;360;1177;1353
CL;;9581;;;5180;346;982;2711
CT;;28323;;;15643;1740;2329;6150
CE;;83;;;9;4;4;2
VC;;7443;;;3698;492;672;1103
EX;;2116;;;686;70;258;282
GA;;6331;;;1968;162;204;688
MD;;;47273;;13950;1494;5371;18410
ML;;92;;;40;3;2;11
MC;;1283;;;500;84;78;193
NC;;3355;;;1488;124;202;421
PV;;9021;;;4856;417;586;3728
RI;;2846;;;918;66;160;994
AN;;;8973;;4463;520;605;1041
AR;;3549;;;1716;255;349;659
AS;;1705;;;958;91;102;294
IB;;1412;;;731;129;89;616
CN;;1762;;;703;138;91;249
CB;;1572;;;700;69;92;175
CM;;11788;;;2731;354;1255;1557
CL;;10058;;;5322;342;1028;2988
CT;;29647;;;16235;1829;2462;7320
CE;;84;;;9;4;4;7
VC;;7655;;;3713;496;724;1344
EX;;2184;;;898;98;271;328
GA;;6538;;;2014;158;213;800
MD;;;48632;;13289;1450;5586;19836
ML;;93;;;40;3;2;12
MC;;1326;;;515;86;85;203
NC;;3467;;;1526;124;206;450
PV;;9452;;;4982;430;635;4151
RI;;2951;;;955;68;177;1061
AN;;;9234;;4599;538;652;1193
AR;;3685;;;1765;261;385;718
AS;;1737;;;1018;94;110;340
IB;;1448;;;751;132;89;696
CN;;1834;;;730;140;92;359
CB;;1619;;;720;71;98;214
CM;;12489;;;2575;342;1322;1766
CL;;10518;;;5523;338;1082;3242
CT;;31043;;;16970;1946;2667;8014
CE;;84;;;9;4;4;7
VC;;7964;;;3815;541;767;1772
EX;;2273;;;958;99;283;381
GA;;6758;;;2094;155;231;910
MD;;;50021;;12853;1433;5800;21121
ML;;93;;;40;3;2;16
MC;;1356;;;533;87;88;219
NC;;3575;;;1526;124;214;462
PV;;9806;;;5130;433;689;4514
RI;;3026;;;997;69;182;1172
AN;;;9482;;4715;582;691;1437
AR;;3831;;;1822;263;409;797
AS;;1799;;;1083;100;121;372
IB;;1488;;;777;136;97;737
CN;;1858;;;738;141;94;386
CB;;1659;;;747;73;102;265
CM;;13063;;;2359;329;1431;1982
CL;;11102;;;5674;332;1129;3506
CT;;31824;;;17780;1966;2787;8705
CE;;91;;;9;4;4;12
VC;;8331;;;3987;561;796;2085
EX;;2332;;;1003;101;288;397
GA;;6946;;;2165;151;243;997
MD;;;50954;;12432;1399;5972;22414
ML;;95;;;41;3;2;17
MC;;1383;;;533;88;90;255
NC;;3748;;;1620;124;218;560
PV;;10103;;;5290;442;729;4680
RI;;3076;;;1047;71;196;1256
AN;;;9682;;4808;602;737;1630
AR;;3969;;;1860;266;425;888
AS;;1827;;;1147;105;128;414
IB;;1507;;;778;137;102;757
CN;;1887;;;745;144;95;432
CB;;1719;;;773;75;107;281
CM;;13456;;;2198;316;1483;2205
CL;;11543;;;5817;327;1180;3757
CT;;32984;;;18194;1989;2877;9267
CE;;93;;;9;4;4;17
VC;;8578;;;4132;565;818;2289
EX;;2486;;;1052;104;303;462
GA;;7176;;;2215;144;261;1082
MD;;;51796;;11894;1376;6084;23663
ML;;98;;;43;3;2;18
MC;;1413;;;533;88;94;275
NC;;3817;;;1641;124;227;603
PV;;10515;;;5402;453;765;4741
RI;;3223;;;1082;73;207;1337
AN;;;9976;;4950;619;799;1838
AR;;4070;;;1901;272;450;934
AS;;1892;;;1208;106;140;430
IB;;1534;;;805;142;112;848
CN;;1918;;;758;144;95;447
CB;;1752;;;805;75;110;297
CM;;13698;;;6838;316;1543;2365
CL;;12118;;;5957;323;1221;4010
CT;;34027;;;18772;2018;2975;9610
CE;;93;;;9;4;4;17
VC;;8841;;;4149;567;838;2624
EX;;2580;;;1074;106;312;481
GA;;7336;;;2306;140;274;1143
MD;;;52322;;11424;1332;6278;24683
ML;;98;;;43;3;2;18
MC;;1449;;;537;91;97;344
NC;;3969;;;1663;124;232;650
PV;;10772;;;5547;459;804;4867
RI;;3279;;;1122;73;219;1420
AN;;;10063;;4993;621;815;1967
AR;;4187;;;1938;274;464;946
AS;;1958;;;1265;110;149;434
IB;;1550;;;811;143;117;862
CN;;1944;;;763;145;96;458
CB;;1777;;;827;75;117;317
CM;;14054;;;7782;475;1626;2532
CL;;12628;;;6077;312;1263;4154
CT;;34726;;;18963;2084;3105;10040
CE;;95;;;9;4;4;20
VC;;9060;;;4269;576;876;2803
EX;;2658;;;1096;107;321;511
GA;;7494;;;2344;136;284;1186
MD;;;52657;;11233;1327;6423;25385
ML;;101;;;43;3;2;18
MC;;1463;;;543;94;101;353
NC;;4092;;;1693;124;239;695
PV;;11018;;;5622;464;831;5026
RI;;3358;;;1141;73;223;1458
AN;;;10171;;5054;631;836;2032
AR;;4245;;;1966;280;492;963
AS;;2051;;;1330;111;156;458
IB;;1571;;;826;145;118;871
CN;;1958;;;771;147;102;589
CB;;1796;;;853;76;120;323
CM;;14329;;;7830;486;1714;2943
CL;;13180;;;6175;308;1299;4266
CT;;35197;;;19224;2102;3201;10387
CE;;96;;;9;4;4;22
VC;;9213;;;4397;581;907;3069
EX;;2684;;;1114;107;334;578
GA;;7597;;;2403;133;290;1240
MD;;;53600;;10753;1299;6568;26247
ML;;101;;;43;3;2;18
MC;;1487;;;566;96;106;476
NC;;4150;;;1705;124;249;730
PV;;11226;;;5679;470;859;5193
RI;;3420;;;1152;74;234;1519
AN;;;10394;;5147;665;865;2224
AR;;4338;;;2006;282;514;1012
AS;;2096;;;1387;114;166;487
IB;;1606;;;857;149;125;881
CN;;1975;;;781;152;104;622
CB;;1823;;;873;76;132;363
CM;;14680;;;7896;495;1755;2998
CL;;13697;;;6306;306;1337;4521
CT;;36505;;;20264;2189;3453;11480
CE;;98;;;9;4;4;30
VC;;9424;;;4465;588;945;3360
EX;;2762;;;1155;107;342;615
GA;;7708;;;2471;128;299;1298
MD;;;54666;;10116;1244;6724;27433
ML;;102;;;43;3;2;24
MC;;1520;;;574;97;109;513
NC;;4246;;;1731;124;252;808
PV;;11475;;;5750;471;902;5428
RI;;3457;;;1182;75;246;1585
AN;;;10559;216;5226;671;912;2634
AR;;;4411;155;2108;291;543;1087
AS;;;2081;89;1432;116;168;522
IB;;1637;;;872;152;131;918
CN;;;1988;0;802;156;107;673
CB;;1845;;;890;77;137;442
CM;;15151;;;7987;503;1796;3378
CL;;14380;;;6449;307;1372;4725
CT;;37354;;;20553;2252;3618;11961
CE;;;98;2;9;4;4;41
VC;;9615;;;4524;625;972;3702
EX;;;2581;300;1186;107;359;649
GA;;7873;;;2494;123;310;1383
MD;;;55549;;9653;1206;6877;28491
ML;;;103;0;43;3;2;27
MC;;;1424;174;575;97;111;516
NC;;4348;;;1752;124;261;845
PV;;11790;11790;;5863;478;956;5813
RI;;;3539;377;1207;75;257;1654
AN;;;10638;383;5298;675;940;2790
AR;;;4489;175;2151;240;562;1121
AS;;;2124;106;1474;118;174;545
IB;;1668;;;905;152;134;938
CN;;;2009;0;811;159;111;730
CB;;1884;;;903;78;144;510
CM;;15997;;;8018;511;1852;3600
CL;;14903;;;6518;297;1401;4924
CT;;38316;;;21242;2305;3752;12787
CE;;;98;3;9;4;4;44
VC;;;9486;297;4605;632;999;4024
EX;;;2656;363;1212;107;372;707
GA;;8013;;;2535;117;320;1456
MD;;;56360;;9141;1154;7007;29436
ML;;104;;;44;3;2;30
MC;;;1423;202;585;99;112;545
NC;;4433;;;1781;124;338;892
PV;;12089;12089;;5939;484;992;6144
RI;;;3547;551;1226;76;262;1729
AN;;;10738;434;5341;677;967;2948
AR;;;4551;210;2180;243;601;1121
AS;;;2153;119;1520;119;187;575
IB;;;1724;24;937;157;148;958
CN;;;2035;0;822;160;115;785
CB;;1990;;;911;78;149;534
CM;;16349;;;8093;514;1913;3838
CL;;15293;;;6831;495;1429;5103
CT;;;39943;152;22013;2349;3879;13275
CE;;;100;11;9;4;4;53
VC;;;9584;533;4708;636;1042;4306
EX;;;2663;468;1240;107;380;736
GA;;8084;;;2554;115;334;0
MD;;;57113;0;8597;1094;7132;30475
ML;;;104;0;44;3;2;30
MC;;;1430;217;611;102;115;638
NC;;;4349;230;1829;127;354;954
PV;;12355;11553;802;6030;490;1020;6556
RI;;;3583;667;1249;78;272;1777
AN;;;10902;491;5424;687;993;3116
AR;;;4608;223;2216;246;619;1175
AS;;;2172;126;1571;120;196;596
IB;;;1740;33;955;160;155;993
CN;;;2047;0;825;162;119;789
CB;;;1949;101;924;78;153;610
CM;;;14588;2037;8137;518;1963;3963
CL;;;14644;977;6981;498;1458;5262
CT;;;40448;152;22235;2395;3933;13691
CE;;;100;12;9;4;4;59
VC;;;9657;593;4781;643;1065;4547
EX;;;2673;519;1278;107;384;767
GA;;8185;;;2590;112;346;0
MD;;;57591;2475;8291;1123;7239;31313
ML;;;104;3;44;3;2;44
MC;;;1438;215;612;102;116;652
NC;;;4413;243;1843;127;369;992
PV;;;11731;838;6086;499;1062;6972
RI;;;3636;694;1268;79;277;1816
AN;;;10996;527;5473;690;1013;3229
AR;;;4654;232;2244;248;637;1178
AS;;;2181;167;1599;122;200;599
IB;;;1749;39;963;161;157;1005
CN;;;2067;0;826;163;119;813
CB;;;1973;110;934;78;158;626
CM;;;14725;2071;8173;531;2021;4178
CL;;;14781;1076;7080;501;1493;5366
CT;;;41676;1027;22375;2409;4009;13934
CE;;;100;14;9;4;4;74
VC;;;9708;631;4827;646;1079;4629
EX;;;2692;551;1306;107;389;858
GA;;8299;;;2609;108;352;1548
MD;;;57782;2663;8191;1111;7351;31762
ML;;;104;5;44;3;2;46
MC;;;1440;219;612;103;117;662
NC;;;4449;286;1856;128;385;1123
PV;;;11789;839;6109;501;1081;7124
RI;;;3664;707;1282;79;285;1833
AN;;;11104;553;5509;692;1017;3411
AR;;;4684;254;2271;250;643;1182
AS;;;2192;173;1626;122;202;616
IB;;;1767;41;986;161;161;1005
CN;;;2085;0;837;164;120;878
CB;;;1998;110;948;78;165;646
CM;;;14936;2109;8199;534;2075;4242
CL;;;14951;1308;7174;503;1521;5429
CT;;;43112;1027;22796;2437;4152;14446
CE;;;100;14;9;4;4;73
VC;;;9750;649;4866;648;1089;4719
EX;;;2692;551;1327;107;397;921
GA;;8468;;;2652;101;360;1588
MD;;;58362;2672;7930;1076;7460;32277
ML;;;105;5;44;3;2;46
MC;;;1445;251;614;104;120;702
NC;;;4475;356;1877;128;397;1190
PV;;;11843;967;6141;507;1103;7277
RI;;;3684;799;1297;81;294;1866
AN;;;11235;654;5565;696;1050;3569
AR;;;4761;293;2304;252;656;1530
AS;;;2218;201;1665;128;211;642
IB;;;1788;48;1005;166;164;1017
CN;;;2094;0;841;164;121;927
CB;;;2012;148;956;78;167;718
CM;;;15053;2268;8243;537;2140;4337
CL;;;15141;1698;7264;505;1554;5614
CT;;;43802;1027;23295;2460;4247;15089
CE;;;100;24;9;4;4;76
VC;;;9825;746;4896;649;1106;5011
EX;;;2692;551;1349;107;404;1051
GA;;8634;;;2674;96;368;1625
MD;;;58933;2954;7464;1024;7577;33032
ML;;;105;6;44;3;2;50
MC;;;1455;262;622;104;123;761
NC;;;4531;427;1894;128;401;1316
PV;;;11974;1070;6201;513;1124;7651
RI;;;3704;882;1318;81;298;1899
AN;;;11368;837;5616;702;1079;3847
AR;;;4833;404;2340;253;681;1680
AS;;;2229;224;1705;130;223;665
IB;;;1807;54;1022;167;168;1047
CN;;;2113;0;855;169;121;969
CB;;;2023;183;965;78;173;850
CM;;;15128;2429;8304;546;2188;4577
CL;;;15510;1892;7397;508;1582;5777
CT;;;44892;1027;23647;2478;4343;15477
CE;;;100;24;9;4;4;76
VC;;;9869;866;4917;650;1124;5388
EX;;;2715;651;1375;107;407;1237
GA;;8805;;;2694;92;375;1676
MD;;;59603;3393;7077;981;7684;33645
ML;;;106;7;44;3;2;55
MC;;;1460;261;624;104;124;766
NC;;;4577;486;1907;129;409;1445
PV;;;12094;1342;6260;516;1167;8136
RI;;;3741;986;1331;82;303;1937
AN;;;11500;963;5675;714;1107;3992
AR;;;4867;428;2359;254;695;1781
AS;;;2234;275;1728;131;231;688
IB;;;1821;57;1040;166;172;1081
CN;;;2140;0;868;169;128;1017
CB;;;2055;189;978;78;178;913
CM;;;15365;2688;8342;553;2255;4782
CL;;;15692;2084;7506;510;1612;5943
CT;;;45544;1027;24130;2569;4393;16138
CE;;;100;25;10;4;4;84
VC;;;9939;967;4945;651;1147;5809
EX;;;2718;685;1413;107;411;1358
GA;;8932;;;2707;87;382;1730
MD;;;60015;3535;6601;949;7765;34212
ML;;;107;9;44;3;2;61
MC;;;1468;273;625;105;125;791
NC;;;4581;599;1915;129;417;1552
PV;;;12204;1576;6315;518;1193;8459
RI;;;3790;1075;1344;82;307;1964
AN;;;11663;1129;5715;717;1131;4295
AR;;;4922;460;2372;255;709;1929
AS;;;2238;308;1760;132;239;716
IB;;;1847;60;1058;166;174;1102
CN;;;2155;0;878;171;130;1036
CB;;;2071;244;982;78;182;1046
CM;;;15509;3016;8385;559;2292;4876
CL;;;15990;2269;7555;511;1639;6033
CT;;;46261;1027;24130;2576;4498;16753
CE;;;100;25;10;4;4;98
VC;;;10066;1057;4978;653;1172;6033
EX;;;2718;740;1447;107;416;1510
GA;;9116;;;2722;90;388;1783
MD;;;60484;3691;6183;892;7848;34902
ML;;;108;10;44;3;2;77
MC;;;1468;288;625;105;126;842
NC;;;4627;647;1937;129;429;1737
PV;;;12366;1766;6375;525;1212;8941
RI;;;3821;1125;1360;83;311;1999
AN;;;11731;1260;5747;716;1145;4741
AR;;;4955;501;2395;257;712;1960
AS;;;2249;352;1790;134;249;749
IB;;;1854;63;1062;166;175;1123
CN;;;2167;0;880;171;131;1048
CB;;;2083;247;991;78;183;1127
CM;;;15609;3386;8417;565;2330;5196
CL;;;16222;2462;7653;515;1666;6208
CT;;;46811;1027;25665;2583;4566;17006
CE;;;100;31;10;4;4;104
VC;;;10160;1212;5013;654;1186;6243
EX;;;2736;729;1480;107;422;1582
GA;;9176;;;2735;85;394;1803
MD;;;60709;3691;5892;873;7922;35367
ML;;;110;11;44;3;2;81
MC;;;1474;297;627;106;127;920
NC;;;4712;740;1942;129;431;1835
PV;;;12455;1860;6426;533;1230;9602
RI;;;3861;1137;1380;84;315;2037
AN;;;11807;1321;5767;720;1157;4890
AR;;;4985;519;2403;257;726;2010
AS;;;2254;423;1814;137;253;759
IB;;;1859;63;1062;166;179;1136
CN;;;2178;0;881;171;131;1047
CB;;;2104;246;995;78;186;1241
CM;;;15664;3622;8444;579;2365;5282
CL;;;16404;2624;7703;518;1690;6272
CT;;;47755;1027;25799;2724;4699;17897
CE;;;100;31;10;4;4;107
VC;;;10180;1232;5032;656;1189;6317
EX;;;2749;731;1490;107;428;1652
GA;;9238;;;2746;83;405;1816
MD;;;60817;4022;39472;3309;7986;35565
ML;;;110;11;44;3;2;87
MC;;;1474;297;627;106;128;990
NC;;;4733;753;1942;130;432;1918
PV;;;12513;1899;6457;538;1241;9840
RI;;;3892;1149;1392;85;320;2049
AN;;;11859;1359;5792;721;1168;5039
AR;;;5004;553;2425;258;735;2081
AS;;;2255;433;1843;137;261;780
IB;;;1870;70;1074;166;181;1166
CN;;;2187;0;900;174;133;1075
CB;;;2115;271;1000;78;188;1290
CM;;;15706;3812;8464;584;2396;5306
CL;;;16589;2783;7777;522;1710;6323
CT;;;48158;1027;26230;2750;4808;18319
CE;;;100;34;10;4;4;110
VC;;;10204;1454;5046;659;1200;6423
EX;;;2751;736;1505;107;433;1733
GA;;9328;;;2758;73;412;1841
MD;;;61319;4205;39634;3338;8048;35841
ML;;;114;11;44;3;2;92
MC;;;1475;318;629;106;130;1113
NC;;;4759;871;1945;130;432;1978
PV;;;12564;2240;6482;539;1255;9974
RI;;;3897;1200;1400;87;326;2064
AN;;;11941;1528;5831;722;1188;5272
AR;;;5042;610;2454;258;736;2189
AS;;;2266;531;1886;137;266;809
IB;;;1879;71;1079;166;185;1196
CN;;;2202;0;906;175;134;1107
CB;;;2146;293;1006;79;191;1372
CM;;;15785;4010;8523;588;2436;5382
CL;;;16690;3161;7854;524;1736;6448
CT;;;48654;1027;26546;2768;4905;19060
CE;;;101;38;10;4;4;114
VC;;;10236;1580;5072;662;1218;6599
EX;;;2764;749;1526;107;440;1797
GA;;9466;8675;791;2736;308;547;5393
MD;;;61675;4381;39850;3355;8105;36314
ML;;;114;11;44;3;2;95
MC;;;1480;360;635;106;130;1153
NC;;;4794;1090;1951;130;448;2082
PV;;;12619;2519;6522;540;1274;10474
RI;;;3910;1263;1413;87;330;2091
AN;;;11981;1675;5873;721;1207;5710
AR;;;5091;880;2477;258;739;2291
AS;;;2283;545;1915;137;273;835
IB;;;1883;72;1082;167;188;1219
CN;;;2205;0;909;175;135;1131
CB;;;2173;332;1007;79;191;1483
CM;;;15832;4239;8567;592;2463;5512
CL;;;16885;3427;7957;528;1752;6569
CT;;;48916;1027;26763;2784;4975;19615
CE;;;101;45;10;4;4;126
VC;;;10331;1727;5096;663;1236;6886
EX;;;2785;753;1550;108;446;1887
GA;;;8697;848;2747;310;547;5573
MD;;;62016;4488;40076;3377;8176;36707
ML;;;114;11;44;3;2;96
MC;;;1486;408;637;108;130;1202
NC;;;4815;1325;1965;132;451;2113
PV;;;12701;2818;6561;541;1296;10936
RI;;;3918;1288;1424;88;332;2159
AN;;;12094;1820;5935;729;1238;6334
AR;;;5116;987;2494;260;749;2382
AS;;;2298;555;1938;140;273;860
IB;;;1894;76;1090;167;193;1245
CN;;;2206;0;914;175;136;1151
CB;;;2184;363;1009;79;192;1509
CM;;;15910;4606;8618;596;2498;5615
CL;;;16993;3746;8010;531;1770;6686
CT;;;49307;1027;26932;2795;5061;19640
CE;;;101;50;10;4;4;138
VC;;;10347;1862;5126;694;1245;7078
EX;;;2811;819;1565;108;451;1960
GA;;;8848;848;2759;313;555;5816
MD;;;62261;4609;40293;3392;8222;37154
ML;;;115;11;44;3;2;96
MC;;;1488;472;638;109;132;1229
NC;;;4848;1489;1977;132;458;2185
PV;;;12824;3145;6607;544;1312;11380
RI;;;3936;1290;1433;88;333;2220
AN;;;12140;2023;5961;735;1253;6821
AR;;;5136;1028;2503;260;761;2474
AS;;;2303;561;1974;141;279;890
IB;;;1902;82;1094;167;197;1268
CN;;;2212;0;918;175;140;1149
CB;;;2201;376;1009;79;193;1551
CM;;;15967;5056;8645;601;2534;5702
CL;;;17165;3834;8054;531;1788;6813
CT;;;49850;1027;27049;2811;5137;19913
CE;;;101;51;10;4;4;140
VC;;;10411;2103;5153;695;1258;7287
EX;;;2824;866;1592;108;458;2017
GA;;;8902;848;2769;313;557;5981
MD;;;62322;4609;40457;3404;8292;37530
ML;;;115;11;44;3;2;96
MC;;;1491;475;639;110;132;1251
NC;;;4888;1523;1979;132;460;2281
PV;;;12887;3232;6659;551;1321;11805
RI;;;3947;1292;1439;88;334;2279
AN;;;12175;2112;5961;736;1256;6897
AR;;;5164;1044;2519;260;761;2558
AS;;;2305;579;1995;142;280;908
IB;;;1908;82;1099;167;197;1284
CN;;;2221;0;919;175;140;1150
CB;;;2205;384;1010;79;195;1616
CM;;;16017;5273;8676;604;2565;5772
CL;;;17283;3946;8085;533;1800;6856
CT;;;50234;1027;27257;2844;5185;20332
CE;;;101;51;10;4;4;141
VC;;;10436;2250;5181;698;1264;7447
EX;;;2844;868;1603;108;460;2072
GA;;;8967;848;2774;315;563;6075
MD;;;62394;4609;40597;3421;8332;37704
ML;;;117;12;44;3;2;98
MC;;;1492;482;641;110;134;1260
NC;;;4902;1525;1986;133;462;2411
PV;;;12938;3259;6692;553;1329;12024
RI;;;3952;1295;1446;88;335;2297
AN;;;12194;2155;5973;738;1263;7021
AR;;;5188;1051;2526;260;762;2624
AS;;;2306;685;2014;142;284;917
IB;;;1908;83;1102;167;197;1294
CN;;;2225;0;919;175;141;1166
CB;;;2206;390;1011;79;197;1610
CM;;;16050;5461;8698;606;2590;5794
CL;;;17334;4045;8123;534;1818;6900
CT;;;50366;1027;27321;2847;5220;21898
CE;;;101;51;10;4;4;142
VC;;;10436;2398;5204;700;1269;7506
EX;;;2849;873;1618;108;460;2090
GA;;;9011;848;2782;315;569;6234
MD;;;62395;4609;40741;3431;8376;37808
ML;;;119;12;44;3;2;101
MC;;;1492;482;645;110;134;1277
NC;;;4918;1529;1990;133;466;2494
PV;;;12952;3294;6719;554;1341;12155
RI;;;3961;1297;1449;88;335;2312
NOTA: El objetivo de los datos que se publican en esta web es saber el número de casos acumulados a la fecha y que por tanto no se puede deducir que la diferencia entre un día y el anterior es el número de casos nuevos ya que esos casos pueden haber sido recuperados de fechas anteriores. Cualquier inferencia que se haga sobre las diferencias de un día para otro deben hacerse con precaución y son únicamente la responsabilidad del autor.;;;;;;;;
Los datos de estas comunidades son datos de prevalencia (personas ingresadas a fecha de hoy). No reflejan el total de personas que han sido hospitalizadas o ingresadas en UCI  a lo largo del periodo de notificación(CL(UCIs)-GA(UCIS)-CM*-MD**);;;;;;;;
* Desde el día 11/04/2020 las cifras de hospitalizados de CM son casos acumulados. Previamente se refieren a personas ingresadas ese día.;;;;;;;;
* Desde el día 12/04/2020 las cifras de UCIs de CM son casos acumulados. Previamente se refieren a personas ingresadas ese día.;;;;;;;;
* Desde el día 26/04/2020 las cifras de Hospitalizados y UCIs de CM son casos acumulados. Previamente se refieren a personas ingresadas ese día. Se actualizará la serie cuando esté disponible;;;;;;;;
NOTA2:Se excluyen de la serie las notificaciones de personas  con anticuerpos positivos sin síntomas en el momento de realización de la prueba en los que no se puede establecer un momento de contagio ni si han padecido o no la enfermedad.;;;;;;;;
