fecha,codigoIsoPais,nombrePais,codigoIsoCcaa,codigoIneCcaa,nombreCcaa,lat,long,casosConfirmados,casosHospitalizados,casosUCI,casosFallecidos,casosRecuperados,casosConfirmadosDiario,casosHospitalizadosDiario,casosUCIDiario,casosFallecidosDiario
2020-04-23,ES,España,ES-AN,1,Andalucía,37.46327438,-4.575625136,11845,5616,702,1079,3847,235,51,6,29
2020-04-23,ES,España,ES-AR,2,Aragón,41.51953555,-0.659846412,5237,2340,253,681,1680,183,36,1,25
2020-04-23,ES,España,ES-AS,3,Asturias,43.29235786,-5.993509325,2453,1705,130,223,665,34,40,2,12
2020-04-23,ES,España,ES-IB,4,Baleares,39.57518899,2.912291721,1861,1022,167,168,1047,25,17,1,4
2020-04-23,ES,España,ES-CN,5,Canarias,28.33979859,-15.67209842,2113,855,169,121,969,19,14,5,0
2020-04-23,ES,España,ES-CB,6,Cantabria,43.19751954,-4.030012132,2206,965,78,173,850,46,9,0,6
2020-04-23,ES,España,ES-CM,8,Castilla-La Mancha,39.58098963,-3.004627772,17557,8304,546,2188,4577,236,61,9,48
2020-04-23,ES,España,ES-CL,7,Castilla y León,41.75439621,-4.78188694,17402,7397,508,1582,5777,563,133,3,28
2020-04-23,ES,España,ES-CT,9,Cataluña,41.79855378,1.529053485,44892,23647,2478,4343,15477,1090,352,18,96
2020-04-23,ES,España,ES-CE,18,Ceuta,35.89340699,-5.343424039,118,9,4,4,76,0,0,0,0
2020-04-23,ES,España,ES-VC,10,Comunidad Valenciana,39.40155846,-0.5547267325,10692,4917,650,1124,5388,154,21,1,18
2020-04-23,ES,España,ES-EX,11,Extremadura,39.19149925,-6.15082693,3260,1375,113,407,1237,30,26,1,3
2020-04-23,ES,España,ES-GA,12,Galicia,42.75679663,-7.910563441,8805,2694,92,375,1676,171,20,-4,7
2020-04-23,ES,España,ES-MD,13,Madrid,40.49508296,-3.717040066,60487,7077,981,7684,33645,1288,-387,-43,107
2020-04-23,ES,España,ES-ML,19,Melilla,35.29082799,-2.950535523,106,44,3,2,55,1,0,0,0
2020-04-23,ES,España,ES-MC,14,Murcia,38.00236791,-1.485758575,1721,624,104,124,766,26,2,0,1
2020-04-23,ES,España,ES-NC,15,Navarra,42.66720115,-1.646111769,4994,1907,129,409,1445,95,13,1,8
2020-04-23,ES,España,ES-PV,16,País Vasco,43.04336306,-2.616817921,13436,6260,516,1167,8136,392,59,3,43
2020-04-23,ES,España,ES-RI,17,La Rioja,42.27487336,-2.51703984,3839,1331,82,303,1937,47,13,1,5
2020-04-22,ES,España,ES-AN,1,Andalucía,37.46327438,-4.575625136,11610,5565,696,1050,3569,163,56,4,33
2020-04-22,ES,España,ES-AR,2,Aragón,41.51953555,-0.659846412,5054,2304,252,656,1530,116,33,2,13
2020-04-22,ES,España,ES-AS,3,Asturias,43.29235786,-5.993509325,2419,1665,128,211,642,54,39,6,9
2020-04-22,ES,España,ES-IB,4,Baleares,39.57518899,2.912291721,1836,1005,166,164,1017,28,19,5,3
2020-04-22,ES,España,ES-CN,5,Canarias,28.33979859,-15.67209842,2094,841,164,121,927,9,4,0,1
2020-04-22,ES,España,ES-CB,6,Cantabria,43.19751954,-4.030012132,2160,956,78,167,718,37,8,0,2
2020-04-22,ES,España,ES-CM,8,Castilla-La Mancha,39.58098963,-3.004627772,17321,8243,537,2140,4337,276,44,3,65
2020-04-22,ES,España,ES-CL,7,Castilla y León,41.75439621,-4.78188694,16839,7264,505,1554,5614,580,90,2,33
2020-04-22,ES,España,ES-CT,9,Cataluña,41.79855378,1.529053485,43802,23295,2460,4247,15089,690,499,23,95
2020-04-22,ES,España,ES-CE,18,Ceuta,35.89340699,-5.343424039,118,9,4,4,76,7,0,0,0
2020-04-22,ES,España,ES-VC,10,Comunidad Valenciana,39.40155846,-0.5547267325,10538,4896,649,1106,5011,454,30,1,17
2020-04-22,ES,España,ES-EX,11,Extremadura,39.19149925,-6.15082693,3230,1349,112,404,1051,34,22,0,7
2020-04-22,ES,España,ES-GA,12,Galicia,42.75679663,-7.910563441,8634,2674,96,368,1625,166,22,-5,8
2020-04-22,ES,España,ES-MD,13,Madrid,40.49508296,-3.717040066,59199,7464,1024,7577,33032,1202,-466,-52,117
2020-04-22,ES,España,ES-ML,19,Melilla,35.29082799,-2.950535523,105,44,3,2,50,0,0,0,0
2020-04-22,ES,España,ES-MC,14,Murcia,38.00236791,-1.485758575,1695,622,104,123,761,14,8,0,3
2020-04-22,ES,España,ES-NC,15,Navarra,42.66720115,-1.646111769,4899,1894,128,401,1316,118,17,0,4
2020-04-22,ES,España,ES-PV,16,País Vasco,43.04336306,-2.616817921,13044,6201,513,1124,7651,234,60,6,21
2020-04-22,ES,España,ES-RI,17,La Rioja,42.27487336,-2.51703984,3792,1318,81,298,1899,29,21,0,4
2020-04-21,ES,España,ES-AN,1,Andalucía,37.46327438,-4.575625136,11447,5509,692,1017,3411,124,36,2,4
2020-04-21,ES,España,ES-AR,2,Aragón,41.51953555,-0.659846412,4938,2271,250,643,1182,52,27,2,6
2020-04-21,ES,España,ES-AS,3,Asturias,43.29235786,-5.993509325,2365,1626,122,202,616,17,27,0,2
2020-04-21,ES,España,ES-IB,4,Baleares,39.57518899,2.912291721,1808,986,161,161,1005,20,23,0,4
2020-04-21,ES,España,ES-CN,5,Canarias,28.33979859,-15.67209842,2085,837,164,120,878,18,11,1,1
2020-04-21,ES,España,ES-CB,6,Cantabria,43.19751954,-4.030012132,2123,948,78,165,646,40,14,0,7
2020-04-21,ES,España,ES-CM,8,Castilla-La Mancha,39.58098963,-3.004627772,17045,8199,534,2075,4242,249,26,3,54
2020-04-21,ES,España,ES-CL,7,Castilla y León,41.75439621,-4.78188694,16259,7174,503,1521,5429,402,94,2,28
2020-04-21,ES,España,ES-CT,9,Cataluña,41.79855378,1.529053485,43112,22796,2437,4152,14446,1436,421,28,143
2020-04-21,ES,España,ES-CE,18,Ceuta,35.89340699,-5.343424039,111,9,4,4,73,0,0,0,0
2020-04-21,ES,España,ES-VC,10,Comunidad Valenciana,39.40155846,-0.5547267325,10084,4866,648,1089,4719,66,39,2,10
2020-04-21,ES,España,ES-EX,11,Extremadura,39.19149925,-6.15082693,3196,1327,112,397,921,10,21,0,8
2020-04-21,ES,España,ES-GA,12,Galicia,42.75679663,-7.910563441,8468,2652,101,360,1588,169,43,-7,8
2020-04-21,ES,España,ES-MD,13,Madrid,40.49508296,-3.717040066,57997,7930,1076,7460,32277,1034,-261,-35,109
2020-04-21,ES,España,ES-ML,19,Melilla,35.29082799,-2.950535523,105,44,3,2,46,1,0,0,0
2020-04-21,ES,España,ES-MC,14,Murcia,38.00236791,-1.485758575,1681,614,104,120,702,35,2,1,3
2020-04-21,ES,España,ES-NC,15,Navarra,42.66720115,-1.646111769,4781,1877,128,397,1190,84,21,0,12
2020-04-21,ES,España,ES-PV,16,País Vasco,43.04336306,-2.616817921,12810,6141,507,1103,7277,182,32,6,22
2020-04-21,ES,España,ES-RI,17,La Rioja,42.27487336,-2.51703984,3763,1297,81,294,1866,29,15,2,9
2020-04-20,ES,España,ES-AN,1,Andalucía,37.46327438,-4.575625136,11323,5473,690,1013,3229,118,49,3,20
2020-04-20,ES,España,ES-AR,2,Aragón,41.51953555,-0.659846412,4886,2244,248,637,1178,55,28,2,18
2020-04-20,ES,España,ES-AS,3,Asturias,43.29235786,-5.993509325,2348,1599,122,200,599,50,28,2,4
2020-04-20,ES,España,ES-IB,4,Baleares,39.57518899,2.912291721,1788,963,161,157,1005,15,8,1,2
2020-04-20,ES,España,ES-CN,5,Canarias,28.33979859,-15.67209842,2067,826,163,119,813,20,1,1,0
2020-04-20,ES,España,ES-CB,6,Cantabria,43.19751954,-4.030012132,2083,934,78,158,626,33,10,0,5
2020-04-20,ES,España,ES-CM,8,Castilla-La Mancha,39.58098963,-3.004627772,16796,8173,531,2021,4178,171,36,13,58
2020-04-20,ES,España,ES-CL,7,Castilla y León,41.75439621,-4.78188694,15857,7080,501,1493,5366,236,99,3,35
2020-04-20,ES,España,ES-CT,9,Cataluña,41.79855378,1.529053485,41676,22375,2409,4009,13934,1076,140,14,76
2020-04-20,ES,España,ES-CE,18,Ceuta,35.89340699,-5.343424039,111,9,4,4,74,2,0,0,0
2020-04-20,ES,España,ES-VC,10,Comunidad Valenciana,39.40155846,-0.5547267325,10018,4827,646,1079,4629,81,46,3,14
2020-04-20,ES,España,ES-EX,11,Extremadura,39.19149925,-6.15082693,3186,1306,112,389,858,50,28,0,5
2020-04-20,ES,España,ES-GA,12,Galicia,42.75679663,-7.910563441,8299,2609,108,352,1548,114,19,-4,6
2020-04-20,ES,España,ES-MD,13,Madrid,40.49508296,-3.717040066,56963,8191,1111,7351,31762,2079,-100,-12,112
2020-04-20,ES,España,ES-ML,19,Melilla,35.29082799,-2.950535523,104,44,3,2,46,0,0,0,0
2020-04-20,ES,España,ES-MC,14,Murcia,38.00236791,-1.485758575,1646,612,103,117,662,2,0,1,1
2020-04-20,ES,España,ES-NC,15,Navarra,42.66720115,-1.646111769,4697,1856,128,385,1123,76,13,1,16
2020-04-20,ES,España,ES-PV,16,País Vasco,43.04336306,-2.616817921,12628,6109,501,1081,7124,59,23,2,19
2020-04-20,ES,España,ES-RI,17,La Rioja,42.27487336,-2.51703984,3734,1282,79,285,1833,29,14,0,8
2020-04-19,ES,España,ES-AN,1,Andalucía,37.46327438,-4.575625136,11205,5424,687,993,3116,185,83,10,26
2020-04-19,ES,España,ES-AR,2,Aragón,41.51953555,-0.659846412,4831,2216,246,619,1175,70,36,3,18
2020-04-19,ES,España,ES-AS,3,Asturias,43.29235786,-5.993509325,2298,1571,120,196,596,26,51,1,9
2020-04-19,ES,España,ES-IB,4,Baleares,39.57518899,2.912291721,1773,955,160,155,993,25,18,3,7
2020-04-19,ES,España,ES-CN,5,Canarias,28.33979859,-15.67209842,2047,825,162,119,789,12,3,2,4
2020-04-19,ES,España,ES-CB,6,Cantabria,43.19751954,-4.030012132,2050,924,78,153,610,60,13,0,4
2020-04-19,ES,España,ES-CM,8,Castilla-La Mancha,39.58098963,-3.004627772,16625,8137,518,1963,3963,276,44,4,50
2020-04-19,ES,España,ES-CL,7,Castilla y León,41.75439621,-4.78188694,15621,6981,498,1458,5262,328,150,3,29
2020-04-19,ES,España,ES-CT,9,Cataluña,41.79855378,1.529053485,40600,22235,2395,3933,13691,657,222,46,54
2020-04-19,ES,España,ES-CE,18,Ceuta,35.89340699,-5.343424039,109,9,4,4,59,1,0,0,0
2020-04-19,ES,España,ES-VC,10,Comunidad Valenciana,39.40155846,-0.5547267325,9937,4781,643,1065,4547,142,73,7,23
2020-04-19,ES,España,ES-EX,11,Extremadura,39.19149925,-6.15082693,3136,1278,112,384,767,55,38,0,4
2020-04-19,ES,España,ES-GA,12,Galicia,42.75679663,-7.910563441,8185,2590,112,346,0,101,36,-3,12
2020-04-19,ES,España,ES-MD,13,Madrid,40.49508296,-3.717040066,54884,8291,1123,7239,31313,1938,-306,29,107
2020-04-19,ES,España,ES-ML,19,Melilla,35.29082799,-2.950535523,104,44,3,2,44,0,0,0,0
2020-04-19,ES,España,ES-MC,14,Murcia,38.00236791,-1.485758575,1644,612,102,116,652,6,1,0,1
2020-04-19,ES,España,ES-NC,15,Navarra,42.66720115,-1.646111769,4621,1843,127,369,992,65,14,0,15
2020-04-19,ES,España,ES-PV,16,País Vasco,43.04336306,-2.616817921,12569,6086,499,1062,6972,214,56,9,42
2020-04-19,ES,España,ES-RI,17,La Rioja,42.27487336,-2.51703984,3705,1268,79,277,1816,57,19,1,5
2020-04-18,ES,España,ES-AN,1,Andalucía,37.46327438,-4.575625136,11020,5341,677,967,2948,-33,43,2,27
2020-04-18,ES,España,ES-AR,2,Aragón,41.51953555,-0.659846412,4761,2180,243,601,1121,97,29,3,39
2020-04-18,ES,España,ES-AS,3,Asturias,43.29235786,-5.993509325,2272,1520,119,187,575,42,46,1,13
2020-04-18,ES,España,ES-IB,4,Baleares,39.57518899,2.912291721,1748,937,157,148,958,80,32,5,14
2020-04-18,ES,España,ES-CN,5,Canarias,28.33979859,-15.67209842,2035,822,160,115,785,26,11,1,4
2020-04-18,ES,España,ES-CB,6,Cantabria,43.19751954,-4.030012132,1990,911,78,149,534,106,8,0,5
2020-04-18,ES,España,ES-CM,8,Castilla-La Mancha,39.58098963,-3.004627772,16349,8093,514,1913,3838,352,75,3,61
2020-04-18,ES,España,ES-CL,7,Castilla y León,41.75439621,-4.78188694,15293,6831,495,1429,5103,390,313,198,28
2020-04-18,ES,España,ES-CT,9,Cataluña,41.79855378,1.529053485,39943,22013,2349,3879,13275,1627,771,44,127
2020-04-18,ES,España,ES-CE,18,Ceuta,35.89340699,-5.343424039,108,9,4,4,53,7,0,0,0
2020-04-18,ES,España,ES-VC,10,Comunidad Valenciana,39.40155846,-0.5547267325,9795,4708,636,1042,4306,-74,103,4,43
2020-04-18,ES,España,ES-EX,11,Extremadura,39.19149925,-6.15082693,3081,1240,112,380,736,62,28,2,8
2020-04-18,ES,España,ES-GA,12,Galicia,42.75679663,-7.910563441,8084,2554,115,334,0,71,19,-2,14
2020-04-18,ES,España,ES-MD,13,Madrid,40.49508296,-3.717040066,52946,8597,1094,7132,30475,953,-544,-60,125
2020-04-18,ES,España,ES-ML,19,Melilla,35.29082799,-2.950535523,104,44,3,2,30,0,0,0,0
2020-04-18,ES,España,ES-MC,14,Murcia,38.00236791,-1.485758575,1638,611,102,115,638,13,26,3,3
2020-04-18,ES,España,ES-NC,15,Navarra,42.66720115,-1.646111769,4556,1829,127,354,954,123,48,3,16
2020-04-18,ES,España,ES-PV,16,País Vasco,43.04336306,-2.616817921,12355,6030,490,1020,6556,266,91,6,28
2020-04-18,ES,España,ES-RI,17,La Rioja,42.27487336,-2.51703984,3648,1249,78,272,1777,-450,23,2,10
2020-04-17,ES,España,ES-AN,1,Andalucía,37.46327438,-4.575625136,11053,5298,675,940,2790,246,72,4,28
2020-04-17,ES,España,ES-AR,2,Aragón,41.51953555,-0.659846412,4664,2151,240,562,1132,98,43,-51,19
2020-04-17,ES,España,ES-AS,3,Asturias,43.29235786,-5.993509325,2230,1474,118,174,545,60,42,2,6
2020-04-17,ES,España,ES-IB,4,Baleares,39.57518899,2.912291721,1668,905,152,134,938,31,33,0,3
2020-04-17,ES,España,ES-CN,5,Canarias,28.33979859,-15.67209842,2009,811,159,111,730,21,9,3,4
2020-04-17,ES,España,ES-CB,6,Cantabria,43.19751954,-4.030012132,1884,903,78,144,510,39,13,1,7
2020-04-17,ES,España,ES-CM,8,Castilla-La Mancha,39.58098963,-3.004627772,15997,8018,511,1852,3600,846,31,8,56
2020-04-17,ES,España,ES-CL,7,Castilla y León,41.75439621,-4.78188694,14903,6518,297,1401,4924,523,69,-10,29
2020-04-17,ES,España,ES-CT,9,Cataluña,41.79855378,1.529053485,38316,21242,2305,3752,12787,962,-2438,-493,-103
2020-04-17,ES,España,ES-CE,18,Ceuta,35.89340699,-5.343424039,101,9,4,4,44,1,0,0,0
2020-04-17,ES,España,ES-VC,10,Comunidad Valenciana,39.40155846,-0.5547267325,9869,4605,632,999,4024,254,81,7,27
2020-04-17,ES,España,ES-EX,11,Extremadura,39.19149925,-6.15082693,3019,1212,110,372,707,138,26,0,13
2020-04-17,ES,España,ES-GA,12,Galicia,42.75679663,-7.910563441,8013,2535,117,320,1456,140,41,-6,10
2020-04-17,ES,España,ES-MD,13,Madrid,40.49508296,-3.717040066,51993,9141,1154,7007,29436,1299,-512,-52,130
2020-04-17,ES,España,ES-ML,19,Melilla,35.29082799,-2.950535523,104,44,3,2,30,1,1,0,0
2020-04-17,ES,España,ES-MC,14,Murcia,38.00236791,-1.485758575,1625,585,99,112,545,27,10,2,1
2020-04-17,ES,España,ES-NC,15,Navarra,42.66720115,-1.646111769,4433,1781,124,338,892,85,29,0,77
2020-04-17,ES,España,ES-PV,16,País Vasco,43.04336306,-2.616817921,12089,5939,484,992,6144,299,76,6,36
2020-04-17,ES,España,ES-RI,17,La Rioja,42.27487336,-2.51703984,4098,1226,76,262,1729,182,19,1,5
2020-04-16,ES,España,ES-AN,1,Andalucía,37.46327438,-4.575625136,10807,5226,671,912,2634,212,79,6,47
2020-04-16,ES,España,ES-AR,2,Aragón,41.51953555,-0.659846412,4566,2108,291,543,1087,228,102,9,29
2020-04-16,ES,España,ES-AS,3,Asturias,43.29235786,-5.993509325,2170,1432,116,168,522,74,45,2,2
2020-04-16,ES,España,ES-IB,4,Baleares,39.57518899,2.912291721,1637,872,152,131,918,31,15,3,6
2020-04-16,ES,España,ES-CN,5,Canarias,28.33979859,-15.67209842,1988,802,156,107,673,13,21,4,3
2020-04-16,ES,España,ES-CB,6,Cantabria,43.19751954,-4.030012132,1845,890,77,137,442,22,17,1,5
2020-04-16,ES,España,ES-CM,8,Castilla-La Mancha,39.58098963,-3.004627772,15151,7987,503,1796,3378,471,91,8,41
2020-04-16,ES,España,ES-CL,7,Castilla y León,41.75439621,-4.78188694,14380,6449,307,1372,4725,683,143,1,35
2020-04-16,ES,España,ES-CT,9,Cataluña,41.79855378,1.529053485,37354,23680,2798,3855,17297,849,308,9,99
2020-04-16,ES,España,ES-CE,18,Ceuta,35.89340699,-5.343424039,100,9,4,4,41,2,0,0,0
2020-04-16,ES,España,ES-VC,10,Comunidad Valenciana,39.40155846,-0.5547267325,9615,4524,625,972,3702,191,59,37,27
2020-04-16,ES,España,ES-EX,11,Extremadura,39.19149925,-6.15082693,2881,1186,110,359,649,119,31,1,17
2020-04-16,ES,España,ES-GA,12,Galicia,42.75679663,-7.910563441,7873,2494,123,310,1383,165,23,-5,11
2020-04-16,ES,España,ES-MD,13,Madrid,40.49508296,-3.717040066,50694,9653,1206,6877,28491,1168,-463,-38,153
2020-04-16,ES,España,ES-ML,19,Melilla,35.29082799,-2.950535523,103,43,3,2,27,1,0,0,0
2020-04-16,ES,España,ES-MC,14,Murcia,38.00236791,-1.485758575,1598,575,97,111,516,78,1,0,2
2020-04-16,ES,España,ES-NC,15,Navarra,42.66720115,-1.646111769,4348,1752,124,261,845,102,21,0,9
2020-04-16,ES,España,ES-PV,16,País Vasco,43.04336306,-2.616817921,11790,5863,478,956,5813,315,113,7,54
2020-04-16,ES,España,ES-RI,17,La Rioja,42.27487336,-2.51703984,3916,1207,75,257,1654,459,25,0,11
2020-04-15,ES,España,ES-AN,1,Andalucía,37.46327438,-4.575625136,10595,5147,665,865,2224,403,93,34,29
2020-04-15,ES,España,ES-AR,2,Aragón,41.51953555,-0.659846412,4338,2006,282,514,1012,93,40,2,22
2020-04-15,ES,España,ES-AS,3,Asturias,43.29235786,-5.993509325,2096,1387,114,166,487,45,57,3,10
2020-04-15,ES,España,ES-IB,4,Baleares,39.57518899,2.912291721,1606,857,149,125,881,35,31,4,7
2020-04-15,ES,España,ES-CN,5,Canarias,28.33979859,-15.67209842,1975,781,152,104,622,17,10,5,2
2020-04-15,ES,España,ES-CB,6,Cantabria,43.19751954,-4.030012132,1823,873,76,132,363,27,20,0,12
2020-04-15,ES,España,ES-CM,8,Castilla-La Mancha,39.58098963,-3.004627772,14680,7896,495,1755,2998,351,66,9,41
2020-04-15,ES,España,ES-CL,7,Castilla y León,41.75439621,-4.78188694,13697,6306,306,1337,4521,517,131,-2,38
2020-04-15,ES,España,ES-CT,9,Cataluña,41.79855378,1.529053485,36505,23372,2789,3756,16651,1308,246,14,90
2020-04-15,ES,España,ES-CE,18,Ceuta,35.89340699,-5.343424039,98,9,4,4,30,2,0,0,0
2020-04-15,ES,España,ES-VC,10,Comunidad Valenciana,39.40155846,-0.5547267325,9424,4465,588,945,3360,211,68,7,38
2020-04-15,ES,España,ES-EX,11,Extremadura,39.19149925,-6.15082693,2762,1155,109,342,615,78,41,1,8
2020-04-15,ES,España,ES-GA,12,Galicia,42.75679663,-7.910563441,7708,2471,128,299,1298,111,68,-5,9
2020-04-15,ES,España,ES-MD,13,Madrid,40.49508296,-3.717040066,49526,10116,1244,6724,27433,1478,-637,-55,156
2020-04-15,ES,España,ES-ML,19,Melilla,35.29082799,-2.950535523,102,43,3,2,24,1,0,0,0
2020-04-15,ES,España,ES-MC,14,Murcia,38.00236791,-1.485758575,1520,574,97,109,513,33,8,1,3
2020-04-15,ES,España,ES-NC,15,Navarra,42.66720115,-1.646111769,4246,1731,124,252,808,96,26,0,3
2020-04-15,ES,España,ES-PV,16,País Vasco,43.04336306,-2.616817921,11475,5750,471,902,5428,249,71,1,43
2020-04-15,ES,España,ES-RI,17,La Rioja,42.27487336,-2.51703984,3457,1182,75,246,1585,37,30,1,12
2020-04-14,ES,España,ES-AN,1,Andalucía,37.46327438,-4.575625136,10192,5054,631,836,2032,5,61,10,21
2020-04-14,ES,España,ES-AR,2,Aragón,41.51953555,-0.659846412,4245,1966,280,492,963,58,28,6,28
2020-04-14,ES,España,ES-AS,3,Asturias,43.29235786,-5.993509325,2051,1330,111,156,458,93,65,1,7
2020-04-14,ES,España,ES-IB,4,Baleares,39.57518899,2.912291721,1571,826,145,118,871,21,15,2,1
2020-04-14,ES,España,ES-CN,5,Canarias,28.33979859,-15.67209842,1958,771,147,102,589,14,8,2,6
2020-04-14,ES,España,ES-CB,6,Cantabria,43.19751954,-4.030012132,1796,853,76,120,323,19,26,1,3
2020-04-14,ES,España,ES-CM,8,Castilla-La Mancha,39.58098963,-3.004627772,14329,7830,486,1714,2943,275,48,11,88
2020-04-14,ES,España,ES-CL,7,Castilla y León,41.75439621,-4.78188694,13180,6175,308,1299,4266,552,98,-4,36
2020-04-14,ES,España,ES-CT,9,Cataluña,41.79855378,1.529053485,35197,23126,2775,3666,15967,471,346,62,128
2020-04-14,ES,España,ES-CE,18,Ceuta,35.89340699,-5.343424039,96,9,4,4,22,1,0,0,0
2020-04-14,ES,España,ES-VC,10,Comunidad Valenciana,39.40155846,-0.5547267325,9213,4397,581,907,3069,153,128,5,31
2020-04-14,ES,España,ES-EX,11,Extremadura,39.19149925,-6.15082693,2684,1114,108,334,578,26,18,0,13
2020-04-14,ES,España,ES-GA,12,Galicia,42.75679663,-7.910563441,7597,2403,133,290,1240,103,59,-3,6
2020-04-14,ES,España,ES-MD,13,Madrid,40.49508296,-3.717040066,48048,10753,1299,6568,26247,902,-480,-28,145
2020-04-14,ES,España,ES-ML,19,Melilla,35.29082799,-2.950535523,101,43,3,2,18,0,0,0,0
2020-04-14,ES,España,ES-MC,14,Murcia,38.00236791,-1.485758575,1487,566,96,106,476,24,23,2,5
2020-04-14,ES,España,ES-NC,15,Navarra,42.66720115,-1.646111769,4150,1705,124,249,730,58,12,0,10
2020-04-14,ES,España,ES-PV,16,País Vasco,43.04336306,-2.616817921,11226,5679,470,859,5193,208,57,6,28
2020-04-14,ES,España,ES-RI,17,La Rioja,42.27487336,-2.51703984,3420,1152,74,234,1519,62,11,1,11
2020-04-13,ES,España,ES-AN,1,Andalucía,37.46327438,-4.575625136,10187,4993,621,815,1967,181,43,2,16
2020-04-13,ES,España,ES-AR,2,Aragón,41.51953555,-0.659846412,4187,1938,274,464,946,117,37,2,14
2020-04-13,ES,España,ES-AS,3,Asturias,43.29235786,-5.993509325,1958,1265,110,149,434,66,57,4,9
2020-04-13,ES,España,ES-IB,4,Baleares,39.57518899,2.912291721,1550,811,143,117,862,16,6,1,5
2020-04-13,ES,España,ES-CN,5,Canarias,28.33979859,-15.67209842,1944,763,145,96,458,26,5,1,1
2020-04-13,ES,España,ES-CB,6,Cantabria,43.19751954,-4.030012132,1777,827,75,117,317,25,22,0,7
2020-04-13,ES,España,ES-CM,8,Castilla-La Mancha,39.58098963,-3.004627772,14054,7782,475,1626,2532,356,944,159,83
2020-04-13,ES,España,ES-CL,7,Castilla y León,41.75439621,-4.78188694,12628,6077,312,1263,4154,510,120,-11,42
2020-04-13,ES,España,ES-CT,9,Cataluña,41.79855378,1.529053485,34726,22780,2713,3538,15602,699,411,55,96
2020-04-13,ES,España,ES-CE,18,Ceuta,35.89340699,-5.343424039,95,9,4,4,20,2,0,0,0
2020-04-13,ES,España,ES-VC,10,Comunidad Valenciana,39.40155846,-0.5547267325,9060,4269,576,876,2803,219,120,9,38
2020-04-13,ES,España,ES-EX,11,Extremadura,39.19149925,-6.15082693,2658,1096,108,321,511,78,22,2,9
2020-04-13,ES,España,ES-GA,12,Galicia,42.75679663,-7.910563441,7494,2344,136,284,1186,158,38,-4,10
2020-04-13,ES,España,ES-MD,13,Madrid,40.49508296,-3.717040066,47146,11233,1327,6423,25385,559,-191,-5,145
2020-04-13,ES,España,ES-ML,19,Melilla,35.29082799,-2.950535523,101,43,3,2,18,3,0,0,0
2020-04-13,ES,España,ES-MC,14,Murcia,38.00236791,-1.485758575,1463,543,94,101,353,14,6,3,4
2020-04-13,ES,España,ES-NC,15,Navarra,42.66720115,-1.646111769,4092,1693,124,239,695,123,30,0,7
2020-04-13,ES,España,ES-PV,16,País Vasco,43.04336306,-2.616817921,11018,5622,464,831,5026,246,75,5,27
2020-04-13,ES,España,ES-RI,17,La Rioja,42.27487336,-2.51703984,3358,1141,73,223,1458,79,19,0,4
2020-04-12,ES,España,ES-AN,1,Andalucía,37.46327438,-4.575625136,10006,4950,619,799,1838,294,142,17,62
2020-04-12,ES,España,ES-AR,2,Aragón,41.51953555,-0.659846412,4070,1901,272,450,934,101,41,6,25
2020-04-12,ES,España,ES-AS,3,Asturias,43.29235786,-5.993509325,1892,1208,106,140,430,65,61,1,12
2020-04-12,ES,España,ES-IB,4,Baleares,39.57518899,2.912291721,1534,805,142,112,848,27,27,5,10
2020-04-12,ES,España,ES-CN,5,Canarias,28.33979859,-15.67209842,1918,758,144,95,447,31,13,0,0
2020-04-12,ES,España,ES-CB,6,Cantabria,43.19751954,-4.030012132,1752,805,75,110,297,33,32,0,3
2020-04-12,ES,España,ES-CM,8,Castilla-La Mancha,39.58098963,-3.004627772,13698,6838,316,1543,2365,242,4640,0,60
2020-04-12,ES,España,ES-CL,7,Castilla y León,41.75439621,-4.78188694,12118,5957,323,1221,4010,575,140,-4,41
2020-04-12,ES,España,ES-CT,9,Cataluña,41.79855378,1.529053485,34027,22369,2658,3442,14975,1043,448,29,111
2020-04-12,ES,España,ES-CE,18,Ceuta,35.89340699,-5.343424039,93,9,4,4,17,0,0,0,0
2020-04-12,ES,España,ES-VC,10,Comunidad Valenciana,39.40155846,-0.5547267325,8841,4149,567,838,2624,263,17,2,20
2020-04-12,ES,España,ES-EX,11,Extremadura,39.19149925,-6.15082693,2580,1074,106,312,481,94,22,2,9
2020-04-12,ES,España,ES-GA,12,Galicia,42.75679663,-7.910563441,7336,2306,140,274,1143,160,91,-4,13
2020-04-12,ES,España,ES-MD,13,Madrid,40.49508296,-3.717040066,46587,11424,1332,6278,24683,738,-470,-44,194
2020-04-12,ES,España,ES-ML,19,Melilla,35.29082799,-2.950535523,98,43,3,2,18,0,0,0,0
2020-04-12,ES,España,ES-MC,14,Murcia,38.00236791,-1.485758575,1449,537,91,97,344,36,4,3,3
2020-04-12,ES,España,ES-NC,15,Navarra,42.66720115,-1.646111769,3969,1663,124,232,650,152,22,0,5
2020-04-12,ES,España,ES-PV,16,País Vasco,43.04336306,-2.616817921,10772,5547,459,804,4867,257,145,6,39
2020-04-12,ES,España,ES-RI,17,La Rioja,42.27487336,-2.51703984,3279,1122,73,219,1420,56,40,0,12
2020-04-11,ES,España,ES-AN,1,Andalucía,37.46327438,-4.575625136,9712,4808,602,737,1630,202,93,20,46
2020-04-11,ES,España,ES-AR,2,Aragón,41.51953555,-0.659846412,3969,1860,266,425,888,138,38,3,16
2020-04-11,ES,España,ES-AS,3,Asturias,43.29235786,-5.993509325,1827,1147,105,128,414,28,64,5,7
2020-04-11,ES,España,ES-IB,4,Baleares,39.57518899,2.912291721,1507,778,137,102,757,19,1,1,5
2020-04-11,ES,España,ES-CN,5,Canarias,28.33979859,-15.67209842,1887,745,144,95,432,29,7,3,1
2020-04-11,ES,España,ES-CB,6,Cantabria,43.19751954,-4.030012132,1719,773,75,107,281,60,26,2,5
2020-04-11,ES,España,ES-CM,8,Castilla-La Mancha,39.58098963,-3.004627772,13456,2198,316,1483,2205,393,-161,-13,52
2020-04-11,ES,España,ES-CL,7,Castilla y León,41.75439621,-4.78188694,11543,5817,327,1180,3757,441,143,-5,51
2020-04-11,ES,España,ES-CT,9,Cataluña,41.79855378,1.529053485,32984,21921,2629,3331,14258,1160,391,47,100
2020-04-11,ES,España,ES-CE,18,Ceuta,35.89340699,-5.343424039,93,9,4,4,17,2,0,0,0
2020-04-11,ES,España,ES-VC,10,Comunidad Valenciana,39.40155846,-0.5547267325,8578,4132,565,818,2289,247,145,4,22
2020-04-11,ES,España,ES-EX,11,Extremadura,39.19149925,-6.15082693,2486,1052,104,303,462,154,49,3,15
2020-04-11,ES,España,ES-GA,12,Galicia,42.75679663,-7.910563441,7176,2215,144,261,1082,230,50,-7,18
2020-04-11,ES,España,ES-MD,13,Madrid,40.49508296,-3.717040066,45849,11894,1376,6084,23663,1066,-538,-23,112
2020-04-11,ES,España,ES-ML,19,Melilla,35.29082799,-2.950535523,98,43,3,2,18,3,2,0,0
2020-04-11,ES,España,ES-MC,14,Murcia,38.00236791,-1.485758575,1413,533,88,94,275,30,0,0,4
2020-04-11,ES,España,ES-NC,15,Navarra,42.66720115,-1.646111769,3817,1641,124,227,603,69,21,0,9
2020-04-11,ES,España,ES-PV,16,País Vasco,43.04336306,-2.616817921,10515,5402,453,765,4741,412,112,11,36
2020-04-11,ES,España,ES-RI,17,La Rioja,42.27487336,-2.51703984,3223,1082,73,207,1337,147,35,2,11
2020-04-10,ES,España,ES-AN,1,Andalucía,37.46327438,-4.575625136,9510,4715,582,691,1437,249,116,44,39
2020-04-10,ES,España,ES-AR,2,Aragón,41.51953555,-0.659846412,3831,1822,263,409,797,146,57,2,24
2020-04-10,ES,España,ES-AS,3,Asturias,43.29235786,-5.993509325,1799,1083,100,121,372,62,65,6,11
2020-04-10,ES,España,ES-IB,4,Baleares,39.57518899,2.912291721,1488,777,136,97,737,40,26,4,8
2020-04-10,ES,España,ES-CN,5,Canarias,28.33979859,-15.67209842,1858,738,141,94,386,24,8,1,2
2020-04-10,ES,España,ES-CB,6,Cantabria,43.19751954,-4.030012132,1659,747,73,102,265,40,27,2,4
2020-04-10,ES,España,ES-CM,8,Castilla-La Mancha,39.58098963,-3.004627772,13063,2359,329,1431,1982,574,-216,-13,109
2020-04-10,ES,España,ES-CL,7,Castilla y León,41.75439621,-4.78188694,11102,5674,332,1129,3506,584,151,-6,47
2020-04-10,ES,España,ES-CT,9,Cataluña,41.79855378,1.529053485,31824,21530,2582,3231,13513,781,587,75,83
2020-04-10,ES,España,ES-CE,18,Ceuta,35.89340699,-5.343424039,91,9,4,4,12,7,0,0,0
2020-04-10,ES,España,ES-VC,10,Comunidad Valenciana,39.40155846,-0.5547267325,8331,3987,561,796,2085,367,172,20,29
2020-04-10,ES,España,ES-EX,11,Extremadura,39.19149925,-6.15082693,2332,1003,101,288,397,59,45,2,5
2020-04-10,ES,España,ES-GA,12,Galicia,42.75679663,-7.910563441,6946,2165,151,243,997,188,71,-4,12
2020-04-10,ES,España,ES-MD,13,Madrid,40.49508296,-3.717040066,44783,12432,1399,5972,22414,906,-421,-34,172
2020-04-10,ES,España,ES-ML,19,Melilla,35.29082799,-2.950535523,95,41,3,2,17,2,1,0,0
2020-04-10,ES,España,ES-MC,14,Murcia,38.00236791,-1.485758575,1383,533,88,90,255,27,0,1,2
2020-04-10,ES,España,ES-NC,15,Navarra,42.66720115,-1.646111769,3748,1620,124,218,560,173,94,0,4
2020-04-10,ES,España,ES-PV,16,País Vasco,43.04336306,-2.616817921,10103,5290,442,729,4680,297,160,9,40
2020-04-10,ES,España,ES-RI,17,La Rioja,42.27487336,-2.51703984,3076,1047,71,196,1256,50,50,2,14
2020-04-09,ES,España,ES-AN,1,Andalucía,37.46327438,-4.575625136,9261,4599,538,652,1193,264,136,18,47
2020-04-09,ES,España,ES-AR,2,Aragón,41.51953555,-0.659846412,3685,1765,261,385,718,136,49,6,36
2020-04-09,ES,España,ES-AS,3,Asturias,43.29235786,-5.993509325,1737,1018,94,110,340,32,60,3,8
2020-04-09,ES,España,ES-IB,4,Baleares,39.57518899,2.912291721,1448,751,132,89,696,36,20,3,0
2020-04-09,ES,España,ES-CN,5,Canarias,28.33979859,-15.67209842,1834,730,140,92,359,72,27,2,1
2020-04-09,ES,España,ES-CB,6,Cantabria,43.19751954,-4.030012132,1619,720,71,98,214,47,20,2,6
2020-04-09,ES,España,ES-CM,8,Castilla-La Mancha,39.58098963,-3.004627772,12489,2575,342,1322,1766,701,-156,-12,67
2020-04-09,ES,España,ES-CL,7,Castilla y León,41.75439621,-4.78188694,10518,5523,338,1082,3242,460,201,-4,54
2020-04-09,ES,España,ES-CT,9,Cataluña,41.79855378,1.529053485,31043,20943,2507,3148,13063,1396,693,65,107
2020-04-09,ES,España,ES-CE,18,Ceuta,35.89340699,-5.343424039,84,9,4,4,7,0,0,0,0
2020-04-09,ES,España,ES-VC,10,Comunidad Valenciana,39.40155846,-0.5547267325,7964,3815,541,767,1772,309,2101,170,43
2020-04-09,ES,España,ES-EX,11,Extremadura,39.19149925,-6.15082693,2273,958,99,283,381,89,60,1,12
2020-04-09,ES,España,ES-GA,12,Galicia,42.75679663,-7.910563441,6758,2094,155,231,910,220,80,-3,18
2020-04-09,ES,España,ES-MD,13,Madrid,40.49508296,-3.717040066,43877,12853,1433,5800,21121,1427,-436,-17,214
2020-04-09,ES,España,ES-ML,19,Melilla,35.29082799,-2.950535523,93,40,3,2,16,0,0,0,0
2020-04-09,ES,España,ES-MC,14,Murcia,38.00236791,-1.485758575,1356,533,87,88,219,30,18,1,3
2020-04-09,ES,España,ES-NC,15,Navarra,42.66720115,-1.646111769,3575,1526,124,214,462,108,0,0,8
2020-04-09,ES,España,ES-PV,16,País Vasco,43.04336306,-2.616817921,9806,5130,433,689,4514,354,148,3,54
2020-04-09,ES,España,ES-RI,17,La Rioja,42.27487336,-2.51703984,3026,997,69,182,1172,75,42,1,5
2020-04-08,ES,España,ES-AN,1,Andalucía,37.46327438,-4.575625136,8997,4463,520,605,1041,230,128,21,77
2020-04-08,ES,España,ES-AR,2,Aragón,41.51953555,-0.659846412,3549,1716,255,349,659,100,53,8,37
2020-04-08,ES,España,ES-AS,3,Asturias,43.29235786,-5.993509325,1705,958,91,102,294,26,69,0,6
2020-04-08,ES,España,ES-IB,4,Baleares,39.57518899,2.912291721,1412,731,129,89,616,43,26,5,5
2020-04-08,ES,España,ES-CN,5,Canarias,28.33979859,-15.67209842,1762,703,138,91,249,37,14,1,2
2020-04-08,ES,España,ES-CB,6,Cantabria,43.19751954,-4.030012132,1572,700,69,92,175,71,23,3,7
2020-04-08,ES,España,ES-CM,8,Castilla-La Mancha,39.58098963,-3.004627772,11788,2731,354,1255,1557,711,-177,-6,78
2020-04-08,ES,España,ES-CL,7,Castilla y León,41.75439621,-4.78188694,10058,5322,342,1028,2988,477,142,-4,46
2020-04-08,ES,España,ES-CT,9,Cataluña,41.79855378,1.529053485,29647,20250,2442,3041,12250,1324,505,51,133
2020-04-08,ES,España,ES-CE,18,Ceuta,35.89340699,-5.343424039,84,9,4,4,7,1,0,0,0
2020-04-08,ES,España,ES-VC,10,Comunidad Valenciana,39.40155846,-0.5547267325,7655,1714,371,724,1344,212,-173,-13,52
2020-04-08,ES,España,ES-EX,11,Extremadura,39.19149925,-6.15082693,2184,898,98,271,328,68,212,28,13
2020-04-08,ES,España,ES-GA,12,Galicia,42.75679663,-7.910563441,6538,2014,158,213,800,207,46,-4,9
2020-04-08,ES,España,ES-MD,13,Madrid,40.49508296,-3.717040066,42450,13289,1450,5586,19836,1981,-661,-44,215
2020-04-08,ES,España,ES-ML,19,Melilla,35.29082799,-2.950535523,93,40,3,2,12,1,0,0,0
2020-04-08,ES,España,ES-MC,14,Murcia,38.00236791,-1.485758575,1326,515,86,85,203,43,15,2,7
2020-04-08,ES,España,ES-NC,15,Navarra,42.66720115,-1.646111769,3467,1526,124,206,450,112,38,0,4
2020-04-08,ES,España,ES-PV,16,País Vasco,43.04336306,-2.616817921,9452,4982,430,635,4151,431,126,13,49
2020-04-08,ES,España,ES-RI,17,La Rioja,42.27487336,-2.51703984,2951,955,68,177,1061,105,37,2,17
2020-04-07,ES,España,ES-AN,1,Andalucía,37.46327438,-4.575625136,8767,4335,499,528,900,186,108,10,37
2020-04-07,ES,España,ES-AR,2,Aragón,41.51953555,-0.659846412,3449,1663,247,312,578,102,26,10,28
2020-04-07,ES,España,ES-AS,3,Asturias,43.29235786,-5.993509325,1679,889,91,96,244,33,43,1,10
2020-04-07,ES,España,ES-IB,4,Baleares,39.57518899,2.912291721,1369,705,124,84,537,49,22,3,3
2020-04-07,ES,España,ES-CN,5,Canarias,28.33979859,-15.67209842,1725,689,137,89,186,76,38,4,4
2020-04-07,ES,España,ES-CB,6,Cantabria,43.19751954,-4.030012132,1501,677,66,85,129,18,19,1,8
2020-04-07,ES,España,ES-CM,8,Castilla-La Mancha,39.58098963,-3.004627772,11077,2908,360,1177,1353,475,7,6,45
2020-04-07,ES,España,ES-CL,7,Castilla y León,41.75439621,-4.78188694,9581,5180,346,982,2711,465,2672,-2,63
2020-04-07,ES,España,ES-CT,9,Cataluña,41.79855378,1.529053485,28323,19745,2391,2908,10738,1499,602,115,148
2020-04-07,ES,España,ES-CE,18,Ceuta,35.89340699,-5.343424039,83,9,4,4,2,0,0,0,1
2020-04-07,ES,España,ES-VC,10,Comunidad Valenciana,39.40155846,-0.5547267325,7443,1887,384,672,1103,109,-22,0,35
2020-04-07,ES,España,ES-EX,11,Extremadura,39.19149925,-6.15082693,2116,686,70,258,282,48,233,4,30
2020-04-07,ES,España,ES-GA,12,Galicia,42.75679663,-7.910563441,6331,1968,162,204,688,180,52,-8,14
2020-04-07,ES,España,ES-MD,13,Madrid,40.49508296,-3.717040066,40469,13950,1494,5371,18410,1746,-551,-16,235
2020-04-07,ES,España,ES-ML,19,Melilla,35.29082799,-2.950535523,92,40,3,2,11,6,2,0,0
2020-04-07,ES,España,ES-MC,14,Murcia,38.00236791,-1.485758575,1283,500,84,78,193,24,32,3,10
2020-04-07,ES,España,ES-NC,15,Navarra,42.66720115,-1.646111769,3355,1488,124,202,421,124,56,0,15
2020-04-07,ES,España,ES-PV,16,País Vasco,43.04336306,-2.616817921,9021,4856,417,586,3728,211,62,7,38
2020-04-07,ES,España,ES-RI,17,La Rioja,42.27487336,-2.51703984,2846,918,66,160,994,127,30,0,19
2020-04-06,ES,España,ES-AN,1,Andalucía,37.46327438,-4.575625136,8581,4227,489,491,798,280,120,15,21
2020-04-06,ES,España,ES-AR,2,Aragón,41.51953555,-0.659846412,3347,1637,237,284,565,115,49,4,14
2020-04-06,ES,España,ES-AS,3,Asturias,43.29235786,-5.993509325,1646,846,90,86,222,41,38,0,6
2020-04-06,ES,España,ES-IB,4,Baleares,39.57518899,2.912291721,1320,683,121,81,531,27,19,1,6
2020-04-06,ES,España,ES-CN,5,Canarias,28.33979859,-15.67209842,1649,651,133,85,157,27,7,4,5
2020-04-06,ES,España,ES-CB,6,Cantabria,43.19751954,-4.030012132,1483,658,65,77,118,42,19,3,9
2020-04-06,ES,España,ES-CM,8,Castilla-La Mancha,39.58098963,-3.004627772,10602,2901,354,1132,1259,571,-49,-3,77
2020-04-06,ES,España,ES-CL,7,Castilla y León,41.75439621,-4.78188694,9116,2508,348,919,2533,367,-66,-3,72
2020-04-06,ES,España,ES-CT,9,Cataluña,41.79855378,1.529053485,26824,19143,2276,2760,10088,792,487,27,123
2020-04-06,ES,España,ES-CE,18,Ceuta,35.89340699,-5.343424039,83,9,4,3,2,0,0,0,1
2020-04-06,ES,España,ES-VC,10,Comunidad Valenciana,39.40155846,-0.5547267325,7334,1909,384,637,930,150,8,3,24
2020-04-06,ES,España,ES-EX,11,Extremadura,39.19149925,-6.15082693,2068,453,66,228,223,21,36,0,10
2020-04-06,ES,España,ES-GA,12,Galicia,42.75679663,-7.910563441,6151,1916,170,190,610,207,85,0,16
2020-04-06,ES,España,ES-MD,13,Madrid,40.49508296,-3.717040066,38723,14501,1510,5136,17322,1139,-50,11,195
2020-04-06,ES,España,ES-ML,19,Melilla,35.29082799,-2.950535523,86,38,3,2,11,3,0,0,0
2020-04-06,ES,España,ES-MC,14,Murcia,38.00236791,-1.485758575,1259,468,81,68,156,24,21,1,9
2020-04-06,ES,España,ES-NC,15,Navarra,42.66720115,-1.646111769,3231,1432,124,187,380,158,33,1,9
2020-04-06,ES,España,ES-PV,16,País Vasco,43.04336306,-2.616817921,8810,4794,410,548,3568,182,128,6,33
2020-04-06,ES,España,ES-RI,17,La Rioja,42.27487336,-2.51703984,2719,888,66,141,964,127,33,0,7
2020-04-05,ES,España,ES-AN,1,Andalucía,37.46327438,-4.575625136,8301,4107,474,470,665,432,211,110,44
2020-04-05,ES,España,ES-AR,2,Aragón,41.51953555,-0.659846412,3232,1588,233,270,537,154,83,43,19
2020-04-05,ES,España,ES-AS,3,Asturias,43.29235786,-5.993509325,1605,808,90,80,216,83,42,3,4
2020-04-05,ES,España,ES-IB,4,Baleares,39.57518899,2.912291721,1293,664,120,75,461,22,30,6,4
2020-04-05,ES,España,ES-CN,5,Canarias,28.33979859,-15.67209842,1622,644,129,80,137,58,12,1,2
2020-04-05,ES,España,ES-CB,6,Cantabria,43.19751954,-4.030012132,1441,639,62,68,113,57,20,2,0
2020-04-05,ES,España,ES-CM,8,Castilla-La Mancha,39.58098963,-3.004627772,10031,2950,357,1055,1149,707,-183,-3,66
2020-04-05,ES,España,ES-CL,7,Castilla y León,41.75439621,-4.78188694,8749,2574,351,847,2331,417,-90,3,61
2020-04-05,ES,España,ES-CT,9,Cataluña,41.79855378,1.529053485,26032,18656,2249,2637,9528,1298,978,141,129
2020-04-05,ES,España,ES-CE,18,Ceuta,35.89340699,-5.343424039,83,9,4,2,2,10,1,0,1
2020-04-05,ES,España,ES-VC,10,Comunidad Valenciana,39.40155846,-0.5547267325,7184,1901,381,613,812,283,-76,-5,42
2020-04-05,ES,España,ES-EX,11,Extremadura,39.19149925,-6.15082693,2047,417,66,218,215,68,-36,2,10
2020-04-05,ES,España,ES-GA,12,Galicia,42.75679663,-7.910563441,5944,1831,170,174,587,319,64,-8,15
2020-04-05,ES,España,ES-MD,13,Madrid,40.49508296,-3.717040066,37584,14551,1499,4941,16543,1335,-190,1,218
2020-04-05,ES,España,ES-ML,19,Melilla,35.29082799,-2.950535523,83,38,3,2,11,4,1,0,0
2020-04-05,ES,España,ES-MC,14,Murcia,38.00236791,-1.485758575,1235,447,80,59,130,47,13,1,8
2020-04-05,ES,España,ES-NC,15,Navarra,42.66720115,-1.646111769,3073,1399,123,178,334,101,58,3,7
2020-04-05,ES,España,ES-PV,16,País Vasco,43.04336306,-2.616817921,8628,4666,404,515,3405,441,144,27,38
2020-04-05,ES,España,ES-RI,17,La Rioja,42.27487336,-2.51703984,2592,855,66,134,904,187,50,2,6
2020-04-04,ES,España,ES-AN,1,Andalucía,37.46327438,-4.575625136,7869,3896,364,426,463,495,223,26,50
2020-04-04,ES,España,ES-AR,2,Aragón,41.51953555,-0.659846412,3078,1505,190,251,440,189,74,10,27
2020-04-04,ES,España,ES-AS,3,Asturias,43.29235786,-5.993509325,1522,766,87,76,190,89,64,1,6
2020-04-04,ES,España,ES-IB,4,Baleares,39.57518899,2.912291721,1271,634,114,71,422,14,47,2,2
2020-04-04,ES,España,ES-CN,5,Canarias,28.33979859,-15.67209842,1564,632,128,78,123,74,27,8,5
2020-04-04,ES,España,ES-CB,6,Cantabria,43.19751954,-4.030012132,1384,619,60,68,99,63,27,1,4
2020-04-04,ES,España,ES-CM,8,Castilla-La Mancha,39.58098963,-3.004627772,9324,3133,360,989,657,801,-35,5,73
2020-04-04,ES,España,ES-CL,7,Castilla y León,41.75439621,-4.78188694,8332,2664,348,786,2021,457,-47,-7,63
2020-04-04,ES,España,ES-CT,9,Cataluña,41.79855378,1.529053485,24734,17678,2108,2508,8635,1274,421,55,173
2020-04-04,ES,España,ES-CE,18,Ceuta,35.89340699,-5.343424039,73,8,4,1,2,11,0,1,0
2020-04-04,ES,España,ES-VC,10,Comunidad Valenciana,39.40155846,-0.5547267325,6901,1977,386,571,695,277,-87,0,60
2020-04-04,ES,España,ES-EX,11,Extremadura,39.19149925,-6.15082693,1979,453,64,208,205,86,38,0,8
2020-04-04,ES,España,ES-GA,12,Galicia,42.75679663,-7.910563441,5625,1767,178,159,531,406,137,0,21
2020-04-04,ES,España,ES-MD,13,Madrid,40.49508296,-3.717040066,36249,14741,1498,4723,15362,2061,-309,-8,240
2020-04-04,ES,España,ES-ML,19,Melilla,35.29082799,-2.950535523,79,37,3,2,9,9,3,0,0
2020-04-04,ES,España,ES-MC,14,Murcia,38.00236791,-1.485758575,1188,434,79,51,113,43,29,7,5
2020-04-04,ES,España,ES-NC,15,Navarra,42.66720115,-1.646111769,2972,1341,120,171,311,136,57,1,20
2020-04-04,ES,España,ES-PV,16,País Vasco,43.04336306,-2.616817921,8187,4522,377,477,3098,360,239,14,33
2020-04-04,ES,España,ES-RI,17,La Rioja,42.27487336,-2.51703984,2405,805,64,128,843,181,67,0,19
2020-04-03,ES,España,ES-AN,1,Andalucía,37.46327438,-4.575625136,7374,3673,338,376,258,402,229,58,33
2020-04-03,ES,España,ES-AR,2,Aragón,41.51953555,-0.659846412,2889,1431,180,224,378,189,111,2,24
2020-04-03,ES,España,ES-AS,3,Asturias,43.29235786,-5.993509325,1433,702,86,70,154,49,62,7,1
2020-04-03,ES,España,ES-IB,4,Baleares,39.57518899,2.912291721,1257,587,112,69,375,53,70,7,11
2020-04-03,ES,España,ES-CN,5,Canarias,28.33979859,-15.67209842,1490,605,120,73,102,46,39,7,5
2020-04-03,ES,España,ES-CB,6,Cantabria,43.19751954,-4.030012132,1321,592,59,64,74,53,25,2,4
2020-04-03,ES,España,ES-CM,8,Castilla-La Mancha,39.58098963,-3.004627772,8523,3168,355,916,579,841,-62,0,62
2020-04-03,ES,España,ES-CL,7,Castilla y León,41.75439621,-4.78188694,7875,2711,355,723,1759,520,2,2,82
2020-04-03,ES,España,ES-CT,9,Cataluña,41.79855378,1.529053485,23460,17257,2053,2335,7849,1656,1768,198,242
2020-04-03,ES,España,ES-CE,18,Ceuta,35.89340699,-5.343424039,62,8,3,1,2,7,1,0,0
2020-04-03,ES,España,ES-VC,10,Comunidad Valenciana,39.40155846,-0.5547267325,6624,2064,386,511,592,316,-125,7,68
2020-04-03,ES,España,ES-EX,11,Extremadura,39.19149925,-6.15082693,1893,415,64,200,164,56,3,2,19
2020-04-03,ES,España,ES-GA,12,Galicia,42.75679663,-7.910563441,5219,1630,178,138,435,377,183,13,18
2020-04-03,ES,España,ES-MD,13,Madrid,40.49508296,-3.717040066,34188,15050,1506,4483,13850,2033,-177,-22,308
2020-04-03,ES,España,ES-ML,19,Melilla,35.29082799,-2.950535523,70,34,3,2,4,8,2,0,1
2020-04-03,ES,España,ES-MC,14,Murcia,38.00236791,-1.485758575,1145,405,72,46,90,61,16,4,4
2020-04-03,ES,España,ES-NC,15,Navarra,42.66720115,-1.646111769,2836,1284,119,151,294,154,103,11,10
2020-04-03,ES,España,ES-PV,16,País Vasco,43.04336306,-2.616817921,7827,4283,363,444,2809,510,196,19,32
2020-04-03,ES,España,ES-RI,17,La Rioja,42.27487336,-2.51703984,2224,738,64,109,745,141,78,7,8
2020-04-02,ES,España,ES-AN,1,Andalucía,37.46327438,-4.575625136,6972,3444,280,343,228,580,297,20,35
2020-04-02,ES,España,ES-AR,2,Aragón,41.51953555,-0.659846412,2700,1320,178,200,320,209,86,10,31
2020-04-02,ES,España,ES-AS,3,Asturias,43.29235786,-5.993509325,1384,640,79,69,135,62,50,3,6
2020-04-02,ES,España,ES-IB,4,Baleares,39.57518899,2.912291721,1204,517,105,58,239,73,49,10,12
2020-04-02,ES,España,ES-CN,5,Canarias,28.33979859,-15.67209842,1444,566,113,68,94,64,34,3,6
2020-04-02,ES,España,ES-CB,6,Cantabria,43.19751954,-4.030012132,1268,567,57,60,60,55,24,3,6
2020-04-02,ES,España,ES-CM,8,Castilla-La Mancha,39.58098963,-3.004627772,7682,3230,355,854,494,635,0,2,80
2020-04-02,ES,España,ES-CL,7,Castilla y León,41.75439621,-4.78188694,7355,2709,353,641,1498,508,17,8,56
2020-04-02,ES,España,ES-CT,9,Cataluña,41.79855378,1.529053485,21804,15489,1855,2093,6917,1813,1520,86,244
2020-04-02,ES,España,ES-CE,18,Ceuta,35.89340699,-5.343424039,55,7,3,1,0,4,1,0,0
2020-04-02,ES,España,ES-VC,10,Comunidad Valenciana,39.40155846,-0.5547267325,6308,2189,379,443,432,386,0,14,48
2020-04-02,ES,España,ES-EX,11,Extremadura,39.19149925,-6.15082693,1837,412,62,181,139,158,40,4,29
2020-04-02,ES,España,ES-GA,12,Galicia,42.75679663,-7.910563441,4842,1447,165,120,333,410,109,7,17
2020-04-02,ES,España,ES-MD,13,Madrid,40.49508296,-3.717040066,32155,15227,1528,4175,12400,2315,0,14,310
2020-04-02,ES,España,ES-ML,19,Melilla,35.29082799,-2.950535523,62,32,3,1,0,0,0,0,0
2020-04-02,ES,España,ES-MC,14,Murcia,38.00236791,-1.485758575,1084,389,68,42,45,43,85,9,5
2020-04-02,ES,España,ES-NC,15,Navarra,42.66720115,-1.646111769,2682,1181,108,141,278,185,61,4,11
2020-04-02,ES,España,ES-PV,16,País Vasco,43.04336306,-2.616817921,7317,4087,344,412,2490,479,281,20,43
2020-04-02,ES,España,ES-RI,17,La Rioja,42.27487336,-2.51703984,2083,660,57,101,641,123,41,3,11
2020-04-01,ES,España,ES-AN,1,Andalucía,37.46327438,-4.575625136,6392,3147,260,308,182,574,280,25,60
2020-04-01,ES,España,ES-AR,2,Aragón,41.51953555,-0.659846412,2491,1234,168,169,257,219,58,3,31
2020-04-01,ES,España,ES-AS,3,Asturias,43.29235786,-5.993509325,1322,590,76,63,109,86,61,11,8
2020-04-01,ES,España,ES-IB,4,Baleares,39.57518899,2.912291721,1131,468,95,46,170,62,69,10,4
2020-04-01,ES,España,ES-CN,5,Canarias,28.33979859,-15.67209842,1380,532,110,62,77,118,49,16,7
2020-04-01,ES,España,ES-CB,6,Cantabria,43.19751954,-4.030012132,1213,543,54,54,43,42,21,4,17
2020-04-01,ES,España,ES-CM,8,Castilla-La Mancha,39.58098963,-3.004627772,7047,3230,353,774,397,623,5,9,66
2020-04-01,ES,España,ES-CL,7,Castilla y León,41.75439621,-4.78188694,6847,2692,345,585,1259,636,91,20,69
2020-04-01,ES,España,ES-CT,9,Cataluña,41.79855378,1.529053485,19991,13969,1769,1849,5701,1218,995,117,177
2020-04-01,ES,España,ES-CE,18,Ceuta,35.89340699,-5.343424039,51,6,3,1,0,17,3,0,0
2020-04-01,ES,España,ES-VC,10,Comunidad Valenciana,39.40155846,-0.5547267325,5922,2189,365,395,240,414,0,9,56
2020-04-01,ES,España,ES-EX,11,Extremadura,39.19149925,-6.15082693,1679,372,58,152,113,51,1,7,19
2020-04-01,ES,España,ES-GA,12,Galicia,42.75679663,-7.910563441,4432,1338,158,103,259,393,88,9,19
2020-04-01,ES,España,ES-MD,13,Madrid,40.49508296,-3.717040066,29840,15227,1514,3865,10827,2331,87,0,262
2020-04-01,ES,España,ES-ML,19,Melilla,35.29082799,-2.950535523,62,32,3,1,0,8,5,0,0
2020-04-01,ES,España,ES-MC,14,Murcia,38.00236791,-1.485758575,1041,304,59,37,43,67,21,0,3
2020-04-01,ES,España,ES-NC,15,Navarra,42.66720115,-1.646111769,2497,1120,104,130,236,192,85,5,17
2020-04-01,ES,España,ES-PV,16,País Vasco,43.04336306,-2.616817921,6838,3806,324,369,2165,518,212,17,44
2020-04-01,ES,España,ES-RI,17,La Rioja,42.27487336,-2.51703984,1960,619,54,90,569,150,44,3,5
2020-03-31,ES,España,ES-AN,1,Andalucía,37.46327438,-4.575625136,5818,2867,235,248,160,413,196,19,12
2020-03-31,ES,España,ES-AR,2,Aragón,41.51953555,-0.659846412,2272,1176,165,138,204,194,82,9,32
2020-03-31,ES,España,ES-AS,3,Asturias,43.29235786,-5.993509325,1236,529,65,55,90,78,50,5,6
2020-03-31,ES,España,ES-IB,4,Baleares,39.57518899,2.912291721,1069,399,85,42,111,69,46,5,5
2020-03-31,ES,España,ES-CN,5,Canarias,28.33979859,-15.67209842,1262,483,94,55,57,58,39,10,15
2020-03-31,ES,España,ES-CB,6,Cantabria,43.19751954,-4.030012132,1171,522,50,37,35,71,41,4,10
2020-03-31,ES,España,ES-CM,8,Castilla-La Mancha,39.58098963,-3.004627772,6424,3225,344,708,296,566,91,42,86
2020-03-31,ES,España,ES-CL,7,Castilla y León,41.75439621,-4.78188694,6211,2601,325,516,1028,410,61,18,74
2020-03-31,ES,España,ES-CT,9,Cataluña,41.79855378,1.529053485,18773,12974,1652,1672,4966,2616,1205,140,262
2020-03-31,ES,España,ES-CE,18,Ceuta,35.89340699,-5.343424039,34,3,3,1,0,9,1,1,0
2020-03-31,ES,España,ES-VC,10,Comunidad Valenciana,39.40155846,-0.5547267325,5508,2189,356,339,200,398,147,20,29
2020-03-31,ES,España,ES-EX,11,Extremadura,39.19149925,-6.15082693,1628,371,51,133,91,68,18,8,27
2020-03-31,ES,España,ES-GA,12,Galicia,42.75679663,-7.910563441,4039,1250,149,84,187,316,103,15,18
2020-03-31,ES,España,ES-MD,13,Madrid,40.49508296,-3.717040066,27509,15140,1514,3603,9330,3419,223,54,211
2020-03-31,ES,España,ES-ML,19,Melilla,35.29082799,-2.950535523,54,27,3,1,0,3,0,0,0
2020-03-31,ES,España,ES-MC,14,Murcia,38.00236791,-1.485758575,974,283,59,34,20,35,18,1,9
2020-03-31,ES,España,ES-NC,15,Navarra,42.66720115,-1.646111769,2305,1035,99,113,192,159,80,3,11
2020-03-31,ES,España,ES-PV,16,País Vasco,43.04336306,-2.616817921,6320,3594,307,325,1796,263,167,14,28
2020-03-31,ES,España,ES-RI,17,La Rioja,42.27487336,-2.51703984,1810,575,51,85,496,77,58,8,14
2020-03-30,ES,España,ES-AN,1,Andalucía,37.46327438,-4.575625136,5405,2671,216,236,155,723,377,15,29
2020-03-30,ES,España,ES-AR,2,Aragón,41.51953555,-0.659846412,2078,1094,156,106,174,220,259,32,13
2020-03-30,ES,España,ES-AS,3,Asturias,43.29235786,-5.993509325,1158,479,60,49,78,70,13,3,8
2020-03-30,ES,España,ES-IB,4,Baleares,39.57518899,2.912291721,1000,353,80,37,100,42,8,9,8
2020-03-30,ES,España,ES-CN,5,Canarias,28.33979859,-15.67209842,1204,444,84,40,32,79,19,6,1
2020-03-30,ES,España,ES-CB,6,Cantabria,43.19751954,-4.030012132,1100,481,46,27,24,77,32,6,1
2020-03-30,ES,España,ES-CM,8,Castilla-La Mancha,39.58098963,-3.004627772,5858,3134,302,622,252,612,116,3,83
2020-03-30,ES,España,ES-CL,7,Castilla y León,41.75439621,-4.78188694,5801,2540,307,442,871,387,132,29,62
2020-03-30,ES,España,ES-CT,9,Cataluña,41.79855378,1.529053485,16157,11769,1512,1410,4125,1131,1081,121,184
2020-03-30,ES,España,ES-CE,18,Ceuta,35.89340699,-5.343424039,25,2,2,1,0,4,0,0,0
2020-03-30,ES,España,ES-VC,10,Comunidad Valenciana,39.40155846,-0.5547267325,5110,2042,336,310,185,326,168,27,43
2020-03-30,ES,España,ES-EX,11,Extremadura,39.19149925,-6.15082693,1560,353,43,106,60,104,40,2,6
2020-03-30,ES,España,ES-GA,12,Galicia,42.75679663,-7.910563441,3723,1147,134,66,168,584,104,11,6
2020-03-30,ES,España,ES-MD,13,Madrid,40.49508296,-3.717040066,24090,14917,1460,3392,8301,1413,463,31,310
2020-03-30,ES,España,ES-ML,19,Melilla,35.29082799,-2.950535523,51,27,3,1,0,3,3,1,0
2020-03-30,ES,España,ES-MC,14,Murcia,38.00236791,-1.485758575,939,265,58,25,17,67,5,0,5
2020-03-30,ES,España,ES-NC,15,Navarra,42.66720115,-1.646111769,2146,955,96,102,161,135,59,6,18
2020-03-30,ES,España,ES-PV,16,País Vasco,43.04336306,-2.616817921,6057,3427,293,297,1646,317,321,22,32
2020-03-30,ES,España,ES-RI,17,La Rioja,42.27487336,-2.51703984,1733,517,43,71,431,104,20,0,3
2020-03-29,ES,España,ES-AN,1,Andalucía,37.46327438,-4.575625136,4682,2294,201,207,148,405,188,29,32
2020-03-29,ES,España,ES-AR,2,Aragón,41.51953555,-0.659846412,1858,835,124,93,8,266,-18,0,35
2020-03-29,ES,España,ES-AS,3,Asturias,43.29235786,-5.993509325,1088,466,57,41,76,84,58,7,8
2020-03-29,ES,España,ES-IB,4,Baleares,39.57518899,2.912291721,958,345,71,29,82,96,62,12,3
2020-03-29,ES,España,ES-CN,5,Canarias,28.33979859,-15.67209842,1125,425,78,39,30,100,48,10,3
2020-03-29,ES,España,ES-CB,6,Cantabria,43.19751954,-4.030012132,1023,449,40,26,25,86,43,3,4
2020-03-29,ES,España,ES-CM,8,Castilla-La Mancha,39.58098963,-3.004627772,5246,3018,299,539,236,734,41,10,91
2020-03-29,ES,España,ES-CL,7,Castilla y León,41.75439621,-4.78188694,5414,2408,278,380,752,623,345,29,59
2020-03-29,ES,España,ES-CT,9,Cataluña,41.79855378,1.529053485,15026,10688,1391,1226,3455,763,788,67,156
2020-03-29,ES,España,ES-CE,18,Ceuta,35.89340699,-5.343424039,21,2,2,1,0,4,0,0,0
2020-03-29,ES,España,ES-VC,10,Comunidad Valenciana,39.40155846,-0.5547267325,4784,1874,309,267,161,750,180,27,33
2020-03-29,ES,España,ES-EX,11,Extremadura,39.19149925,-6.15082693,1456,313,41,100,51,62,1,1,12
2020-03-29,ES,España,ES-GA,12,Galicia,42.75679663,-7.910563441,3139,1043,123,60,153,367,137,11,13
2020-03-29,ES,España,ES-MD,13,Madrid,40.49508296,-3.717040066,22677,14454,1429,3082,7491,1157,243,25,325
2020-03-29,ES,España,ES-ML,19,Melilla,35.29082799,-2.950535523,48,24,2,1,0,3,2,0,0
2020-03-29,ES,España,ES-MC,14,Murcia,38.00236791,-1.485758575,872,260,58,20,16,70,29,0,3
2020-03-29,ES,España,ES-NC,15,Navarra,42.66720115,-1.646111769,2011,896,90,84,125,182,69,6,14
2020-03-29,ES,España,ES-PV,16,País Vasco,43.04336306,-2.616817921,5740,3106,271,265,1503,604,494,95,44
2020-03-29,ES,España,ES-RI,17,La Rioja,42.27487336,-2.51703984,1629,497,43,68,397,193,39,0,3
2020-03-28,ES,España,ES-AN,1,Andalucía,37.46327438,-4.575625136,4277,2106,172,175,139,484,263,24,31
2020-03-28,ES,España,ES-AR,2,Aragón,41.51953555,-0.659846412,1592,853,124,58,8,254,160,10,0
2020-03-28,ES,España,ES-AS,3,Asturias,43.29235786,-5.993509325,1004,408,50,33,65,104,69,3,4
2020-03-28,ES,España,ES-IB,4,Baleares,39.57518899,2.912291721,862,283,59,26,80,107,46,13,4
2020-03-28,ES,España,ES-CN,5,Canarias,28.33979859,-15.67209842,1025,377,68,36,25,147,49,7,9
2020-03-28,ES,España,ES-CB,6,Cantabria,43.19751954,-4.030012132,937,406,37,22,21,127,51,8,1
2020-03-28,ES,España,ES-CM,8,Castilla-La Mancha,39.58098963,-3.004627772,4512,2977,289,448,197,578,270,16,81
2020-03-28,ES,España,ES-CL,7,Castilla y León,41.75439621,-4.78188694,4791,2063,249,321,585,659,272,21,69
2020-03-28,ES,España,ES-CT,9,Cataluña,41.79855378,1.529053485,14263,9900,1324,1070,3106,1323,1355,137,190
2020-03-28,ES,España,ES-CE,18,Ceuta,35.89340699,-5.343424039,17,2,2,1,0,0,0,0,1
2020-03-28,ES,España,ES-VC,10,Comunidad Valenciana,39.40155846,-0.5547267325,4034,1694,282,234,92,502,272,30,36
2020-03-28,ES,España,ES-EX,11,Extremadura,39.19149925,-6.15082693,1394,312,40,88,49,163,35,-1,19
2020-03-28,ES,España,ES-GA,12,Galicia,42.75679663,-7.910563441,2772,906,112,47,95,450,349,14,4
2020-03-28,ES,España,ES-MD,13,Madrid,40.49508296,-3.717040066,21520,14211,1404,2757,6326,2277,631,92,345
2020-03-28,ES,España,ES-ML,19,Melilla,35.29082799,-2.950535523,45,22,2,1,0,3,4,0,0
2020-03-28,ES,España,ES-MC,14,Murcia,38.00236791,-1.485758575,802,231,58,17,12,88,22,5,2
2020-03-28,ES,España,ES-NC,15,Navarra,42.66720115,-1.646111769,1829,827,84,70,98,188,95,9,12
2020-03-28,ES,España,ES-PV,16,País Vasco,43.04336306,-2.616817921,5136,2612,176,221,1023,535,342,22,14
2020-03-28,ES,España,ES-RI,17,La Rioja,42.27487336,-2.51703984,1436,458,43,65,364,200,70,0,10
2020-03-27,ES,España,ES-AN,1,Andalucía,37.46327438,-4.575625136,3793,1843,148,144,92,387,217,14,10
2020-03-27,ES,España,ES-AR,2,Aragón,41.51953555,-0.659846412,1338,693,114,58,8,222,131,21,10
2020-03-27,ES,España,ES-AS,3,Asturias,43.29235786,-5.993509325,900,339,47,29,52,59,39,13,2
2020-03-27,ES,España,ES-IB,4,Baleares,39.57518899,2.912291721,755,237,46,22,67,95,32,3,5
2020-03-27,ES,España,ES-CN,5,Canarias,28.33979859,-15.67209842,878,328,61,27,20,94,49,16,3
2020-03-27,ES,España,ES-CB,6,Cantabria,43.19751954,-4.030012132,810,355,29,21,19,139,55,3,4
2020-03-27,ES,España,ES-CM,8,Castilla-La Mancha,39.58098963,-3.004627772,3934,2707,273,367,153,551,545,30,51
2020-03-27,ES,España,ES-CL,7,Castilla y León,41.75439621,-4.78188694,4132,1791,228,252,423,644,276,26,46
2020-03-27,ES,España,ES-CT,9,Cataluña,41.79855378,1.529053485,12940,8545,1187,880,2348,1348,1106,166,208
2020-03-27,ES,España,ES-CE,18,Ceuta,35.89340699,-5.343424039,17,2,2,0,0,7,0,0,0
2020-03-27,ES,España,ES-VC,10,Comunidad Valenciana,39.40155846,-0.5547267325,3532,1422,252,198,73,332,144,22,31
2020-03-27,ES,España,ES-EX,11,Extremadura,39.19149925,-6.15082693,1231,277,41,69,33,262,36,7,11
2020-03-27,ES,España,ES-GA,12,Galicia,42.75679663,-7.910563441,2322,557,98,43,67,407,54,12,11
2020-03-27,ES,España,ES-MD,13,Madrid,40.49508296,-3.717040066,19243,13580,1312,2412,5044,2077,1140,91,322
2020-03-27,ES,España,ES-ML,19,Melilla,35.29082799,-2.950535523,42,18,2,1,0,3,2,0,0
2020-03-27,ES,España,ES-MC,14,Murcia,38.00236791,-1.485758575,714,209,53,15,12,118,37,17,7
2020-03-27,ES,España,ES-NC,15,Navarra,42.66720115,-1.646111769,1641,732,75,58,70,230,83,21,9
2020-03-27,ES,España,ES-PV,16,País Vasco,43.04336306,-2.616817921,4601,2270,154,207,814,655,363,17,27
2020-03-27,ES,España,ES-RI,17,La Rioja,42.27487336,-2.51703984,1236,388,43,55,62,241,72,7,12
2020-03-26,ES,España,ES-AN,1,Andalucía,37.46327438,-4.575625136,3406,1626,134,134,77,396,193,18,21
2020-03-26,ES,España,ES-AR,2,Aragón,41.51953555,-0.659846412,1116,562,93,48,4,209,103,18,8
2020-03-26,ES,España,ES-AS,3,Asturias,43.29235786,-5.993509325,841,300,34,27,40,62,37,5,2
2020-03-26,ES,España,ES-IB,4,Baleares,39.57518899,2.912291721,660,205,43,17,39,98,41,3,4
2020-03-26,ES,España,ES-CN,5,Canarias,28.33979859,-15.67209842,784,279,45,24,18,127,44,2,3
2020-03-26,ES,España,ES-CB,6,Cantabria,43.19751954,-4.030012132,671,300,26,17,14,161,59,8,3
2020-03-26,ES,España,ES-CM,8,Castilla-La Mancha,39.58098963,-3.004627772,3383,2162,243,316,95,603,0,33,53
2020-03-26,ES,España,ES-CL,7,Castilla y León,41.75439621,-4.78188694,3488,1515,202,206,308,548,271,32,41
2020-03-26,ES,España,ES-CT,9,Cataluña,41.79855378,1.529053485,11592,7439,1021,672,1697,1655,2005,240,156
2020-03-26,ES,España,ES-CE,18,Ceuta,35.89340699,-5.343424039,10,2,2,0,0,1,0,1,0
2020-03-26,ES,España,ES-VC,10,Comunidad Valenciana,39.40155846,-0.5547267325,3200,1278,230,167,57,584,207,32,24
2020-03-26,ES,España,ES-EX,11,Extremadura,39.19149925,-6.15082693,969,241,34,58,24,227,32,6,19
2020-03-26,ES,España,ES-GA,12,Galicia,42.75679663,-7.910563441,1915,503,86,32,47,262,91,17,5
2020-03-26,ES,España,ES-MD,13,Madrid,40.49508296,-3.717040066,17166,12440,1221,2090,3882,2569,1287,71,265
2020-03-26,ES,España,ES-ML,19,Melilla,35.29082799,-2.950535523,39,16,2,1,0,1,2,0,1
2020-03-26,ES,España,ES-MC,14,Murcia,38.00236791,-1.485758575,596,172,36,8,9,119,45,3,3
2020-03-26,ES,España,ES-NC,15,Navarra,42.66720115,-1.646111769,1411,649,54,49,35,214,143,3,16
2020-03-26,ES,España,ES-PV,16,País Vasco,43.04336306,-2.616817921,3946,1907,137,180,621,675,330,18,25
2020-03-26,ES,España,ES-RI,17,La Rioja,42.27487336,-2.51703984,995,316,36,43,48,67,62,3,6
2020-03-25,ES,España,ES-AN,1,Andalucía,37.46327438,-4.575625136,3010,1433,116,113,71,539,301,14,26
2020-03-25,ES,España,ES-AR,2,Aragón,41.51953555,-0.659846412,907,459,75,40,4,149,75,9,3
2020-03-25,ES,España,ES-AS,3,Asturias,43.29235786,-5.993509325,779,263,29,25,35,117,39,6,3
2020-03-25,ES,España,ES-IB,4,Baleares,39.57518899,2.912291721,562,164,40,13,28,84,37,5,3
2020-03-25,ES,España,ES-CN,5,Canarias,28.33979859,-15.67209842,657,235,43,21,15,100,28,7,5
2020-03-25,ES,España,ES-CB,6,Cantabria,43.19751954,-4.030012132,510,241,18,14,12,85,41,2,5
2020-03-25,ES,España,ES-CM,8,Castilla-La Mancha,39.58098963,-3.004627772,2780,2162,210,263,71,315,336,28,47
2020-03-25,ES,España,ES-CL,7,Castilla y León,41.75439621,-4.78188694,2940,1244,170,165,213,480,187,33,41
2020-03-25,ES,España,ES-CT,9,Cataluña,41.79855378,1.529053485,9937,5434,781,516,1274,2073,1835,230,234
2020-03-25,ES,España,ES-CE,18,Ceuta,35.89340699,-5.343424039,9,2,1,0,0,3,2,1,0
2020-03-25,ES,España,ES-VC,10,Comunidad Valenciana,39.40155846,-0.5547267325,2616,1071,198,143,44,449,154,37,28
2020-03-25,ES,España,ES-EX,11,Extremadura,39.19149925,-6.15082693,742,209,28,39,8,106,48,8,13
2020-03-25,ES,España,ES-GA,12,Galicia,42.75679663,-7.910563441,1653,412,69,27,25,238,24,14,7
2020-03-25,ES,España,ES-MD,13,Madrid,40.49508296,-3.717040066,14597,11153,1150,1825,3031,2245,710,100,290
2020-03-25,ES,España,ES-ML,19,Melilla,35.29082799,-2.950535523,38,14,2,0,0,10,2,1,0
2020-03-25,ES,España,ES-MC,14,Murcia,38.00236791,-1.485758575,477,127,33,5,4,92,28,7,2
2020-03-25,ES,España,ES-NC,15,Navarra,42.66720115,-1.646111769,1197,506,51,33,23,183,101,6,2
2020-03-25,ES,España,ES-PV,16,País Vasco,43.04336306,-2.616817921,3271,1577,119,155,466,543,152,13,22
2020-03-25,ES,España,ES-RI,17,La Rioja,42.27487336,-2.51703984,928,254,33,37,43,126,48,9,7
2020-03-24,ES,España,ES-AN,1,Andalucía,37.46327438,-4.575625136,2471,1132,102,87,66,510,267,25,29
2020-03-24,ES,España,ES-AR,2,Aragón,41.51953555,-0.659846412,758,384,66,37,3,120,86,14,5
2020-03-24,ES,España,ES-AS,3,Asturias,43.29235786,-5.993509325,662,224,23,22,30,68,30,1,10
2020-03-24,ES,España,ES-IB,4,Baleares,39.57518899,2.912291721,478,127,35,10,19,78,40,8,0
2020-03-24,ES,España,ES-CN,5,Canarias,28.33979859,-15.67209842,557,207,36,16,8,76,35,4,5
2020-03-24,ES,España,ES-CB,6,Cantabria,43.19751954,-4.030012132,425,200,16,9,12,78,43,2,3
2020-03-24,ES,España,ES-CM,8,Castilla-La Mancha,39.58098963,-3.004627772,2465,1826,182,216,53,387,252,40,71
2020-03-24,ES,España,ES-CL,7,Castilla y León,41.75439621,-4.78188694,2460,1057,137,124,140,405,197,17,22
2020-03-24,ES,España,ES-CT,9,Cataluña,41.79855378,1.529053485,7864,3599,551,282,728,1939,1918,0,37
2020-03-24,ES,España,ES-CE,18,Ceuta,35.89340699,-5.343424039,6,0,0,0,0,0,0,0,0
2020-03-24,ES,España,ES-VC,10,Comunidad Valenciana,39.40155846,-0.5547267325,2167,917,161,115,37,266,215,23,21
2020-03-24,ES,España,ES-EX,11,Extremadura,39.19149925,-6.15082693,636,161,20,26,8,143,30,7,8
2020-03-24,ES,España,ES-GA,12,Galicia,42.75679663,-7.910563441,1415,388,55,20,19,207,118,8,2
2020-03-24,ES,España,ES-MD,13,Madrid,40.49508296,-3.717040066,12352,10443,1050,1535,2291,1777,882,108,272
2020-03-24,ES,España,ES-ML,19,Melilla,35.29082799,-2.950535523,28,12,1,0,0,0,0,0,0
2020-03-24,ES,España,ES-MC,14,Murcia,38.00236791,-1.485758575,385,99,26,3,1,40,19,3,1
2020-03-24,ES,España,ES-NC,15,Navarra,42.66720115,-1.646111769,1014,405,45,31,11,128,66,5,7
2020-03-24,ES,España,ES-PV,16,País Vasco,43.04336306,-2.616817921,2728,1425,106,133,344,307,173,14,13
2020-03-24,ES,España,ES-RI,17,La Rioja,42.27487336,-2.51703984,802,206,24,30,24,55,40,2,8
2020-03-23,ES,España,ES-AN,1,Andalucía,37.46327438,-4.575625136,1961,865,77,58,50,236,141,22,11
2020-03-23,ES,España,ES-AR,2,Aragón,41.51953555,-0.659846412,638,298,52,32,3,106,57,7,8
2020-03-23,ES,España,ES-AS,3,Asturias,43.29235786,-5.993509325,594,194,22,12,21,49,23,7,4
2020-03-23,ES,España,ES-IB,4,Baleares,39.57518899,2.912291721,400,87,27,10,18,69,8,13,6
2020-03-23,ES,España,ES-CN,5,Canarias,28.33979859,-15.67209842,481,172,32,11,7,67,22,0,2
2020-03-23,ES,España,ES-CB,6,Cantabria,43.19751954,-4.030012132,347,157,14,6,11,65,41,5,1
2020-03-23,ES,España,ES-CM,8,Castilla-La Mancha,39.58098963,-3.004627772,2078,1574,142,145,51,259,736,66,33
2020-03-23,ES,España,ES-CL,7,Castilla y León,41.75439621,-4.78188694,2055,860,120,102,117,311,151,14,28
2020-03-23,ES,España,ES-CT,9,Cataluña,41.79855378,1.529053485,5925,1681,551,245,644,1221,0,253,54
2020-03-23,ES,España,ES-CE,18,Ceuta,35.89340699,-5.343424039,6,0,0,0,0,1,0,0,0
2020-03-23,ES,España,ES-VC,10,Comunidad Valenciana,39.40155846,-0.5547267325,1901,702,138,94,36,297,112,25,25
2020-03-23,ES,España,ES-EX,11,Extremadura,39.19149925,-6.15082693,493,131,13,18,6,109,44,5,4
2020-03-23,ES,España,ES-GA,12,Galicia,42.75679663,-7.910563441,1208,270,47,18,19,293,43,12,6
2020-03-23,ES,España,ES-MD,13,Madrid,40.49508296,-3.717040066,10575,9561,942,1263,2063,873,1120,108,242
2020-03-23,ES,España,ES-ML,19,Melilla,35.29082799,-2.950535523,28,12,1,0,0,3,0,0,0
2020-03-23,ES,España,ES-MC,14,Murcia,38.00236791,-1.485758575,345,80,23,2,1,49,2,7,1
2020-03-23,ES,España,ES-NC,15,Navarra,42.66720115,-1.646111769,886,339,40,24,7,92,51,10,10
2020-03-23,ES,España,ES-PV,16,País Vasco,43.04336306,-2.616817921,2421,1252,92,120,283,324,264,11,23
2020-03-23,ES,España,ES-RI,17,La Rioja,42.27487336,-2.51703984,747,166,22,22,18,93,32,5,4
2020-03-22,ES,España,ES-AN,1,Andalucía,37.46327438,-4.575625136,1725,724,55,47,38,210,119,2,7
2020-03-22,ES,España,ES-AR,2,Aragón,41.51953555,-0.659846412,532,241,45,24,3,108,49,12,2
2020-03-22,ES,España,ES-AS,3,Asturias,43.29235786,-5.993509325,545,171,15,8,20,59,38,3,3
2020-03-22,ES,España,ES-IB,4,Baleares,39.57518899,2.912291721,331,79,14,4,17,85,19,0,0
2020-03-22,ES,España,ES-CN,5,Canarias,28.33979859,-15.67209842,414,150,32,9,7,66,11,3,2
2020-03-22,ES,España,ES-CB,6,Cantabria,43.19751954,-4.030012132,282,116,9,5,11,67,24,0,3
2020-03-22,ES,España,ES-CM,8,Castilla-La Mancha,39.58098963,-3.004627772,1819,838,76,112,48,396,203,11,28
2020-03-22,ES,España,ES-CL,7,Castilla y León,41.75439621,-4.78188694,1744,709,106,74,89,278,134,21,19
2020-03-22,ES,España,ES-CT,9,Cataluña,41.79855378,1.529053485,4704,1681,298,191,150,501,0,0,69
2020-03-22,ES,España,ES-CE,18,Ceuta,35.89340699,-5.343424039,5,0,0,0,0,0,0,0,0
2020-03-22,ES,España,ES-VC,10,Comunidad Valenciana,39.40155846,-0.5547267325,1604,590,113,69,30,241,114,29,19
2020-03-22,ES,España,ES-EX,11,Extremadura,39.19149925,-6.15082693,384,87,8,14,8,30,22,2,2
2020-03-22,ES,España,ES-GA,12,Galicia,42.75679663,-7.910563441,915,227,35,12,16,176,59,6,3
2020-03-22,ES,España,ES-MD,13,Madrid,40.49508296,-3.717040066,9702,8441,834,1021,1899,781,1053,67,217
2020-03-22,ES,España,ES-ML,19,Melilla,35.29082799,-2.950535523,25,12,1,0,0,0,4,0,0
2020-03-22,ES,España,ES-MC,14,Murcia,38.00236791,-1.485758575,296,78,16,1,1,56,17,2,0
2020-03-22,ES,España,ES-NC,15,Navarra,42.66720115,-1.646111769,794,288,30,14,4,130,66,5,5
2020-03-22,ES,España,ES-PV,16,País Vasco,43.04336306,-2.616817921,2097,988,81,97,216,372,334,10,12
2020-03-22,ES,España,ES-RI,17,La Rioja,42.27487336,-2.51703984,654,134,17,18,18,90,6,0,3
2020-03-21,ES,España,ES-AN,1,Andalucía,37.46327438,-4.575625136,1515,605,53,40,72,228,605,15,10
2020-03-21,ES,España,ES-AR,2,Aragón,41.51953555,-0.659846412,424,192,33,22,0,64,192,5,5
2020-03-21,ES,España,ES-AS,3,Asturias,43.29235786,-5.993509325,486,133,12,5,16,142,133,5,3
2020-03-21,ES,España,ES-IB,4,Baleares,39.57518899,2.912291721,246,60,14,4,11,43,60,4,2
2020-03-21,ES,España,ES-CN,5,Canarias,28.33979859,-15.67209842,348,139,29,7,7,61,139,4,3
2020-03-21,ES,España,ES-CB,6,Cantabria,43.19751954,-4.030012132,215,92,9,2,11,71,92,2,1
2020-03-21,ES,España,ES-CM,8,Castilla-La Mancha,39.58098963,-3.004627772,1423,635,65,84,38,379,635,28,22
2020-03-21,ES,España,ES-CL,7,Castilla y León,41.75439621,-4.78188694,1466,575,85,55,54,319,575,16,12
2020-03-21,ES,España,ES-CT,9,Cataluña,41.79855378,1.529053485,4203,1681,298,122,150,933,1681,265,40
2020-03-21,ES,España,ES-CE,18,Ceuta,35.89340699,-5.343424039,5,0,0,0,0,0,0,0,0
2020-03-21,ES,España,ES-VC,10,Comunidad Valenciana,39.40155846,-0.5547267325,1363,476,84,50,25,258,476,13,17
2020-03-21,ES,España,ES-EX,11,Extremadura,39.19149925,-6.15082693,354,65,6,12,8,57,65,2,2
2020-03-21,ES,España,ES-GA,12,Galicia,42.75679663,-7.910563441,739,168,29,9,6,161,168,10,4
2020-03-21,ES,España,ES-MD,13,Madrid,40.49508296,-3.717040066,8921,7388,767,804,1542,1756,7388,89,176
2020-03-21,ES,España,ES-ML,19,Melilla,35.29082799,-2.950535523,25,8,1,0,0,1,8,0,0
2020-03-21,ES,España,ES-MC,14,Murcia,38.00236791,-1.485758575,240,61,14,1,1,36,61,3,1
2020-03-21,ES,España,ES-NC,15,Navarra,42.66720115,-1.646111769,664,222,25,9,1,110,222,6,4
2020-03-21,ES,España,ES-PV,16,País Vasco,43.04336306,-2.616817921,1725,654,71,85,165,260,654,18,14
2020-03-21,ES,España,ES-RI,17,La Rioja,42.27487336,-2.51703984,564,128,17,15,18,67,128,2,8
2020-03-20,ES,España,ES-AN,1,Andalucía,37.46327438,-4.575625136,1287,,38,30,72,279,,13,7
2020-03-20,ES,España,ES-AR,2,Aragón,41.51953555,-0.659846412,360,,28,17,0,79,,14,2
2020-03-20,ES,España,ES-AS,3,Asturias,43.29235786,-5.993509325,344,,7,2,12,52,,1,1
2020-03-20,ES,España,ES-IB,4,Baleares,39.57518899,2.912291721,203,,10,2,10,34,,3,0
2020-03-20,ES,España,ES-CN,5,Canarias,28.33979859,-15.67209842,287,,25,4,6,67,,2,1
2020-03-20,ES,España,ES-CB,6,Cantabria,43.19751954,-4.030012132,144,,7,1,10,61,,3,0
2020-03-20,ES,España,ES-CM,8,Castilla-La Mancha,39.58098963,-3.004627772,1044,,37,62,34,243,,0,20
2020-03-20,ES,España,ES-CL,7,Castilla y León,41.75439621,-4.78188694,1147,,69,43,37,279,,15,14
2020-03-20,ES,España,ES-CT,9,Cataluña,41.79855378,1.529053485,3270,,33,82,150,568,,0,27
2020-03-20,ES,España,ES-CE,18,Ceuta,35.89340699,-5.343424039,5,,0,0,0,4,,0,0
2020-03-20,ES,España,ES-VC,10,Comunidad Valenciana,39.40155846,-0.5547267325,1105,,71,33,20,184,,19,9
2020-03-20,ES,España,ES-EX,11,Extremadura,39.19149925,-6.15082693,297,,4,10,7,56,,1,2
2020-03-20,ES,España,ES-GA,12,Galicia,42.75679663,-7.910563441,578,,19,5,5,125,,4,1
2020-03-20,ES,España,ES-MD,13,Madrid,40.49508296,-3.717040066,7165,,678,628,1186,388,,88,130
2020-03-20,ES,España,ES-ML,19,Melilla,35.29082799,-2.950535523,24,,1,0,0,1,,1,0
2020-03-20,ES,España,ES-MC,14,Murcia,38.00236791,-1.485758575,204,,11,0,1,37,,5,0
2020-03-20,ES,España,ES-NC,15,Navarra,42.66720115,-1.646111769,554,,19,5,1,72,,8,1
2020-03-20,ES,España,ES-PV,16,País Vasco,43.04336306,-2.616817921,1465,,53,71,21,275,,9,18
2020-03-20,ES,España,ES-RI,17,La Rioja,42.27487336,-2.51703984,497,,15,7,13,29,,0,2
2020-03-19,ES,España,ES-AN,1,Andalucía,37.46327438,-4.575625136,1008,,25,23,33,149,,4,4
2020-03-19,ES,España,ES-AR,2,Aragón,41.51953555,-0.659846412,281,,14,15,0,55,,5,2
2020-03-19,ES,España,ES-AS,3,Asturias,43.29235786,-5.993509325,292,,6,1,4,50,,1,0
2020-03-19,ES,España,ES-IB,4,Baleares,39.57518899,2.912291721,169,,7,2,6,57,,3,1
2020-03-19,ES,España,ES-CN,5,Canarias,28.33979859,-15.67209842,220,,23,3,9,39,,6,0
2020-03-19,ES,España,ES-CB,6,Cantabria,43.19751954,-4.030012132,83,,4,1,10,15,,1,0
2020-03-19,ES,España,ES-CM,8,Castilla-La Mancha,39.58098963,-3.004627772,801,,37,42,27,126,,8,14
2020-03-19,ES,España,ES-CL,7,Castilla y León,41.75439621,-4.78188694,868,,54,29,27,200,,11,7
2020-03-19,ES,España,ES-CT,9,Cataluña,41.79855378,1.529053485,2702,,33,55,0,836,,0,14
2020-03-19,ES,España,ES-CE,18,Ceuta,35.89340699,-5.343424039,1,,0,0,0,0,,0,0
2020-03-19,ES,España,ES-VC,10,Comunidad Valenciana,39.40155846,-0.5547267325,921,,52,24,19,195,,12,2
2020-03-19,ES,España,ES-EX,11,Extremadura,39.19149925,-6.15082693,241,,3,8,6,47,,0,2
2020-03-19,ES,España,ES-GA,12,Galicia,42.75679663,-7.910563441,453,,15,4,4,112,,3,1
2020-03-19,ES,España,ES-MD,13,Madrid,40.49508296,-3.717040066,6777,,590,498,941,1140,,99,108
2020-03-19,ES,España,ES-ML,19,Melilla,35.29082799,-2.950535523,23,,0,0,0,3,,0,0
2020-03-19,ES,España,ES-MC,14,Murcia,38.00236791,-1.485758575,167,,6,0,1,45,,2,0
2020-03-19,ES,España,ES-NC,15,Navarra,42.66720115,-1.646111769,482,,11,4,0,96,,1,1
2020-03-19,ES,España,ES-PV,16,País Vasco,43.04336306,-2.616817921,1190,,44,53,18,217,,7,13
2020-03-19,ES,España,ES-RI,17,La Rioja,42.27487336,-2.51703984,468,,15,5,2,49,,2,0
2020-03-18,ES,España,ES-AN,1,Andalucía,37.46327438,-4.575625136,859,,21,19,38,176,,8,8
2020-03-18,ES,España,ES-AR,2,Aragón,41.51953555,-0.659846412,226,,9,13,0,19,,0,1
2020-03-18,ES,España,ES-AS,3,Asturias,43.29235786,-5.993509325,242,,5,1,4,49,,0,0
2020-03-18,ES,España,ES-IB,4,Baleares,39.57518899,2.912291721,112,,4,1,4,20,,0,0
2020-03-18,ES,España,ES-CN,5,Canarias,28.33979859,-15.67209842,181,,17,3,8,33,,4,1
2020-03-18,ES,España,ES-CB,6,Cantabria,43.19751954,-4.030012132,68,,3,1,10,10,,1,1
2020-03-18,ES,España,ES-CM,8,Castilla-La Mancha,39.58098963,-3.004627772,675,,29,28,15,108,,6,11
2020-03-18,ES,España,ES-CL,7,Castilla y León,41.75439621,-4.78188694,668,,43,22,5,237,,19,10
2020-03-18,ES,España,ES-CT,9,Cataluña,41.79855378,1.529053485,1866,,33,41,0,472,,0,23
2020-03-18,ES,España,ES-CE,18,Ceuta,35.89340699,-5.343424039,1,,0,0,0,0,,0,0
2020-03-18,ES,España,ES-VC,10,Comunidad Valenciana,39.40155846,-0.5547267325,726,,40,22,16,185,,13,9
2020-03-18,ES,España,ES-EX,11,Extremadura,39.19149925,-6.15082693,194,,3,6,6,41,,1,3
2020-03-18,ES,España,ES-GA,12,Galicia,42.75679663,-7.910563441,341,,12,3,7,49,,3,0
2020-03-18,ES,España,ES-MD,13,Madrid,40.49508296,-3.717040066,5637,,491,390,951,766,,151,35
2020-03-18,ES,España,ES-ML,19,Melilla,35.29082799,-2.950535523,20,,0,0,0,3,,0,0
2020-03-18,ES,España,ES-MC,14,Murcia,38.00236791,-1.485758575,122,,4,0,1,25,,1,0
2020-03-18,ES,España,ES-NC,15,Navarra,42.66720115,-1.646111769,386,,10,3,0,73,,0,1
2020-03-18,ES,España,ES-PV,16,País Vasco,43.04336306,-2.616817921,973,,37,40,14,208,,4,4
2020-03-18,ES,España,ES-RI,17,La Rioja,42.27487336,-2.51703984,419,,13,5,2,64,,0,0
2020-03-17,ES,España,ES-AN,1,Andalucía,37.46327438,-4.575625136,683,,13,11,0,129,,6,4
2020-03-17,ES,España,ES-AR,2,Aragón,41.51953555,-0.659846412,207,,9,12,0,33,,8,1
2020-03-17,ES,España,ES-AS,3,Asturias,43.29235786,-5.993509325,193,,5,1,3,16,,2,0
2020-03-17,ES,España,ES-IB,4,Baleares,39.57518899,2.912291721,92,,4,1,1,19,,0,0
2020-03-17,ES,España,ES-CN,5,Canarias,28.33979859,-15.67209842,148,,13,2,8,29,,4,1
2020-03-17,ES,España,ES-CB,6,Cantabria,43.19751954,-4.030012132,58,,2,0,10,0,,0,0
2020-03-17,ES,España,ES-CM,8,Castilla-La Mancha,39.58098963,-3.004627772,567,,23,17,12,0,,0,0
2020-03-17,ES,España,ES-CL,7,Castilla y León,41.75439621,-4.78188694,431,,24,12,5,97,,0,3
2020-03-17,ES,España,ES-CT,9,Cataluña,41.79855378,1.529053485,1394,,33,18,0,491,,0,6
2020-03-17,ES,España,ES-CE,18,Ceuta,35.89340699,-5.343424039,1,,0,0,0,0,,0,0
2020-03-17,ES,España,ES-VC,10,Comunidad Valenciana,39.40155846,-0.5547267325,541,,27,13,12,132,,23,8
2020-03-17,ES,España,ES-EX,11,Extremadura,39.19149925,-6.15082693,153,,2,3,5,42,,1,1
2020-03-17,ES,España,ES-GA,12,Galicia,42.75679663,-7.910563441,292,,9,3,7,47,,0,1
2020-03-17,ES,España,ES-MD,13,Madrid,40.49508296,-3.717040066,4871,,340,355,951,706,,87,142
2020-03-17,ES,España,ES-ML,19,Melilla,35.29082799,-2.950535523,17,,0,0,0,9,,0,0
2020-03-17,ES,España,ES-MC,14,Murcia,38.00236791,-1.485758575,97,,3,0,1,20,,1,0
2020-03-17,ES,España,ES-NC,15,Navarra,42.66720115,-1.646111769,313,,10,2,0,39,,5,1
2020-03-17,ES,España,ES-PV,16,País Vasco,43.04336306,-2.616817921,765,,33,36,11,135,,4,13
2020-03-17,ES,España,ES-RI,17,La Rioja,42.27487336,-2.51703984,355,,13,5,2,43,,0,1
2020-03-16,ES,España,ES-AN,1,Andalucía,37.46327438,-4.575625136,554,,7,7,0,117,,7,1
2020-03-16,ES,España,ES-AR,2,Aragón,41.51953555,-0.659846412,174,,1,11,0,27,,1,4
2020-03-16,ES,España,ES-AS,3,Asturias,43.29235786,-5.993509325,177,,3,1,3,40,,3,0
2020-03-16,ES,España,ES-IB,4,Baleares,39.57518899,2.912291721,73,,4,1,1,45,,4,0
2020-03-16,ES,España,ES-CN,5,Canarias,28.33979859,-15.67209842,119,,9,1,7,10,,9,0
2020-03-16,ES,España,ES-CB,6,Cantabria,43.19751954,-4.030012132,58,,2,0,10,7,,2,0
2020-03-16,ES,España,ES-CM,8,Castilla-La Mancha,39.58098963,-3.004627772,567,,23,17,12,166,,23,7
2020-03-16,ES,España,ES-CL,7,Castilla y León,41.75439621,-4.78188694,334,,24,9,5,42,,24,3
2020-03-16,ES,España,ES-CT,9,Cataluña,41.79855378,1.529053485,903,,33,12,0,188,,33,4
2020-03-16,ES,España,ES-CE,18,Ceuta,35.89340699,-5.343424039,1,,0,0,0,0,,0,0
2020-03-16,ES,España,ES-VC,10,Comunidad Valenciana,39.40155846,-0.5547267325,409,,4,5,2,0,,4,0
2020-03-16,ES,España,ES-EX,11,Extremadura,39.19149925,-6.15082693,111,,1,2,4,16,,1,0
2020-03-16,ES,España,ES-GA,12,Galicia,42.75679663,-7.910563441,245,,9,2,4,50,,9,0
2020-03-16,ES,España,ES-MD,13,Madrid,40.49508296,-3.717040066,4165,,253,213,474,621,,253,0
2020-03-16,ES,España,ES-ML,19,Melilla,35.29082799,-2.950535523,8,,0,0,0,0,,0,0
2020-03-16,ES,España,ES-MC,14,Murcia,38.00236791,-1.485758575,77,,2,0,1,6,,2,0
2020-03-16,ES,España,ES-NC,15,Navarra,42.66720115,-1.646111769,274,,5,1,0,91,,5,1
2020-03-16,ES,España,ES-PV,16,País Vasco,43.04336306,-2.616817921,630,,29,23,5,0,,29,0
2020-03-16,ES,España,ES-RI,17,La Rioja,42.27487336,-2.51703984,312,,13,4,2,12,,13,1
2020-03-15,ES,España,ES-AN,1,Andalucía,37.46327438,-4.575625136,437,,,6,,168,,,4
2020-03-15,ES,España,ES-AR,2,Aragón,41.51953555,-0.659846412,147,,,7,,67,,,0
2020-03-15,ES,España,ES-AS,3,Asturias,43.29235786,-5.993509325,137,,,1,,45,,,0
2020-03-15,ES,España,ES-IB,4,Baleares,39.57518899,2.912291721,28,,,1,,0,,,0
2020-03-15,ES,España,ES-CN,5,Canarias,28.33979859,-15.67209842,109,,,1,,19,,,0
2020-03-15,ES,España,ES-CB,6,Cantabria,43.19751954,-4.030012132,51,,,0,,20,,,0
2020-03-15,ES,España,ES-CM,8,Castilla-La Mancha,39.58098963,-3.004627772,401,,,10,,112,,,4
2020-03-15,ES,España,ES-CL,7,Castilla y León,41.75439621,-4.78188694,292,,,6,,69,,,3
2020-03-15,ES,España,ES-CT,9,Cataluña,41.79855378,1.529053485,715,,,8,,206,,,2
2020-03-15,ES,España,ES-CE,18,Ceuta,35.89340699,-5.343424039,1,,,0,,1,,,0
2020-03-15,ES,España,ES-VC,10,Comunidad Valenciana,39.40155846,-0.5547267325,409,,,5,,279,,,1
2020-03-15,ES,España,ES-EX,11,Extremadura,39.19149925,-6.15082693,95,,,2,,29,,,0
2020-03-15,ES,España,ES-GA,12,Galicia,42.75679663,-7.910563441,195,,,2,,80,,,2
2020-03-15,ES,España,ES-MD,13,Madrid,40.49508296,-3.717040066,3544,,,213,,604,,,127
2020-03-15,ES,España,ES-ML,19,Melilla,35.29082799,-2.950535523,8,,,0,,5,,,0
2020-03-15,ES,España,ES-MC,14,Murcia,38.00236791,-1.485758575,71,,,0,,24,,,0
2020-03-15,ES,España,ES-NC,15,Navarra,42.66720115,-1.646111769,183,,,0,,37,,,0
2020-03-15,ES,España,ES-PV,16,País Vasco,43.04336306,-2.616817921,630,,,23,,213,,,9
2020-03-15,ES,España,ES-RI,17,La Rioja,42.27487336,-2.51703984,300,,,3,,22,,,0
2020-03-14,ES,España,ES-AN,1,Andalucía,37.46327438,-4.575625136,269,,,2,,50,,,2
2020-03-14,ES,España,ES-AR,2,Aragón,41.51953555,-0.659846412,80,,,7,,0,,,0
2020-03-14,ES,España,ES-AS,3,Asturias,43.29235786,-5.993509325,92,,,1,,25,,,0
2020-03-14,ES,España,ES-IB,4,Baleares,39.57518899,2.912291721,28,,,1,,-2,,,0
2020-03-14,ES,España,ES-CN,5,Canarias,28.33979859,-15.67209842,90,,,1,,20,,,1
2020-03-14,ES,España,ES-CB,6,Cantabria,43.19751954,-4.030012132,31,,,0,,2,,,0
2020-03-14,ES,España,ES-CM,8,Castilla-La Mancha,39.58098963,-3.004627772,289,,,6,,95,,,1
2020-03-14,ES,España,ES-CL,7,Castilla y León,41.75439621,-4.78188694,223,,,3,,54,,,2
2020-03-14,ES,España,ES-CT,9,Cataluña,41.79855378,1.529053485,509,,,6,,193,,,2
2020-03-14,ES,España,ES-CE,18,Ceuta,35.89340699,-5.343424039,0,,,0,,0,,,0
2020-03-14,ES,España,ES-VC,10,Comunidad Valenciana,39.40155846,-0.5547267325,130,,,4,,36,,,3
2020-03-14,ES,España,ES-EX,11,Extremadura,39.19149925,-6.15082693,66,,,2,,27,,,1
2020-03-14,ES,España,ES-GA,12,Galicia,42.75679663,-7.910563441,115,,,0,,30,,,0
2020-03-14,ES,España,ES-MD,13,Madrid,40.49508296,-3.717040066,2940,,,86,,950,,,5
2020-03-14,ES,España,ES-ML,19,Melilla,35.29082799,-2.950535523,3,,,0,,1,,,0
2020-03-14,ES,España,ES-MC,14,Murcia,38.00236791,-1.485758575,47,,,0,,12,,,0
2020-03-14,ES,España,ES-NC,15,Navarra,42.66720115,-1.646111769,146,,,0,,16,,,0
2020-03-14,ES,España,ES-PV,16,País Vasco,43.04336306,-2.616817921,417,,,14,,0,,,0
2020-03-14,ES,España,ES-RI,17,La Rioja,42.27487336,-2.51703984,278,,,3,,35,,,1
2020-03-13,ES,España,ES-AN,1,Andalucía,37.46327438,-4.575625136,219,,8,0,,104,,4,0
2020-03-13,ES,España,ES-AR,2,Aragón,41.51953555,-0.659846412,80,,3,7,,16,,0,1
2020-03-13,ES,España,ES-AS,3,Asturias,43.29235786,-5.993509325,67,,2,1,,20,,0,0
2020-03-13,ES,España,ES-IB,4,Baleares,39.57518899,2.912291721,30,,2,1,,8,,0,0
2020-03-13,ES,España,ES-CN,5,Canarias,28.33979859,-15.67209842,70,,2,0,,19,,-1,0
2020-03-13,ES,España,ES-CB,6,Cantabria,43.19751954,-4.030012132,29,,0,0,,13,,0,0
2020-03-13,ES,España,ES-CM,8,Castilla-La Mancha,39.58098963,-3.004627772,194,,10,5,,79,,1,4
2020-03-13,ES,España,ES-CL,7,Castilla y León,41.75439621,-4.78188694,169,,8,1,,77,,4,1
2020-03-13,ES,España,ES-CT,9,Cataluña,41.79855378,1.529053485,316,,25,4,,56,,25,0
2020-03-13,ES,España,ES-CE,18,Ceuta,35.89340699,-5.343424039,0,,0,0,,0,,0,0
2020-03-13,ES,España,ES-VC,10,Comunidad Valenciana,39.40155846,-0.5547267325,94,,2,1,,18,,0,0
2020-03-13,ES,España,ES-EX,11,Extremadura,39.19149925,-6.15082693,39,,1,1,,20,,0,0
2020-03-13,ES,España,ES-GA,12,Galicia,42.75679663,-7.910563441,85,,2,0,,50,,0,0
2020-03-13,ES,España,ES-MD,13,Madrid,40.49508296,-3.717040066,1990,,180,81,,602,,45,25
2020-03-13,ES,España,ES-ML,19,Melilla,35.29082799,-2.950535523,2,,0,0,,2,,0,0
2020-03-13,ES,España,ES-MC,14,Murcia,38.00236791,-1.485758575,35,,1,0,,9,,0,0
2020-03-13,ES,España,ES-NC,15,Navarra,42.66720115,-1.646111769,130,,4,0,,57,,1,0
2020-03-13,ES,España,ES-PV,16,País Vasco,43.04336306,-2.616817921,417,,20,14,,71,,2,3
2020-03-13,ES,España,ES-RI,17,La Rioja,42.27487336,-2.51703984,243,,2,2,,38,,1,0
2020-03-12,ES,España,ES-AN,1,Andalucía,37.46327438,-4.575625136,115,,4,0,,25,,1,0
2020-03-12,ES,España,ES-AR,2,Aragón,41.51953555,-0.659846412,64,,3,6,,19,,0,2
2020-03-12,ES,España,ES-AS,3,Asturias,43.29235786,-5.993509325,47,,2,1,,15,,0,1
2020-03-12,ES,España,ES-IB,4,Baleares,39.57518899,2.912291721,22,,2,1,,6,,1,1
2020-03-12,ES,España,ES-CN,5,Canarias,28.33979859,-15.67209842,51,,3,0,,14,,2,0
2020-03-12,ES,España,ES-CB,6,Cantabria,43.19751954,-4.030012132,16,,0,0,,4,,0,0
2020-03-12,ES,España,ES-CM,8,Castilla-La Mancha,39.58098963,-3.004627772,115,,9,1,,44,,4,1
2020-03-12,ES,España,ES-CL,7,Castilla y León,41.75439621,-4.78188694,92,,4,0,,21,,2,0
2020-03-12,ES,España,ES-CT,9,Cataluña,41.79855378,1.529053485,260,,0,4,,104,,0,1
2020-03-12,ES,España,ES-CE,18,Ceuta,35.89340699,-5.343424039,0,,0,0,,0,,0,0
2020-03-12,ES,España,ES-VC,10,Comunidad Valenciana,39.40155846,-0.5547267325,76,,2,1,,11,,1,0
2020-03-12,ES,España,ES-EX,11,Extremadura,39.19149925,-6.15082693,19,,1,1,,10,,0,1
2020-03-12,ES,España,ES-GA,12,Galicia,42.75679663,-7.910563441,35,,2,0,,-4,,0,0
2020-03-12,ES,España,ES-MD,13,Madrid,40.49508296,-3.717040066,1388,,135,56,,364,,33,25
2020-03-12,ES,España,ES-ML,19,Melilla,35.29082799,-2.950535523,0,,0,0,,0,,0,0
2020-03-12,ES,España,ES-MC,14,Murcia,38.00236791,-1.485758575,26,,1,0,,15,,1,0
2020-03-12,ES,España,ES-NC,15,Navarra,42.66720115,-1.646111769,73,,3,0,,27,,0,0
2020-03-12,ES,España,ES-PV,16,País Vasco,43.04336306,-2.616817921,346,,18,11,,121,,3,5
2020-03-12,ES,España,ES-RI,17,La Rioja,42.27487336,-2.51703984,205,,1,2,,26,,0,0
2020-03-11,ES,España,ES-AN,1,Andalucía,37.46327438,-4.575625136,90,,3,0,,19,,2,0
2020-03-11,ES,España,ES-AR,2,Aragón,41.51953555,-0.659846412,45,,3,4,,7,,0,1
2020-03-11,ES,España,ES-AS,3,Asturias,43.29235786,-5.993509325,32,,2,0,,10,,0,0
2020-03-11,ES,España,ES-IB,4,Baleares,39.57518899,2.912291721,16,,1,0,,3,,0,0
2020-03-11,ES,España,ES-CN,5,Canarias,28.33979859,-15.67209842,37,,1,0,,12,,0,0
2020-03-11,ES,España,ES-CB,6,Cantabria,43.19751954,-4.030012132,12,,0,0,,0,,0,0
2020-03-11,ES,España,ES-CM,8,Castilla-La Mancha,39.58098963,-3.004627772,71,,5,0,,32,,3,0
2020-03-11,ES,España,ES-CL,7,Castilla y León,41.75439621,-4.78188694,71,,2,0,,15,,0,0
2020-03-11,ES,España,ES-CT,9,Cataluña,41.79855378,1.529053485,156,,0,3,,32,,0,0
2020-03-11,ES,España,ES-CE,18,Ceuta,35.89340699,-5.343424039,0,,0,0,,0,,0,0
2020-03-11,ES,España,ES-VC,10,Comunidad Valenciana,39.40155846,-0.5547267325,65,,1,1,,15,,0,0
2020-03-11,ES,España,ES-EX,11,Extremadura,39.19149925,-6.15082693,9,,1,0,,1,,1,0
2020-03-11,ES,España,ES-GA,12,Galicia,42.75679663,-7.910563441,39,,2,0,,17,,0,0
2020-03-11,ES,España,ES-MD,13,Madrid,40.49508296,-3.717040066,1024,,102,31,,242,,25,10
2020-03-11,ES,España,ES-ML,19,Melilla,35.29082799,-2.950535523,0,,0,0,,0,,0,0
2020-03-11,ES,España,ES-MC,14,Murcia,38.00236791,-1.485758575,11,,0,0,,2,,0,0
2020-03-11,ES,España,ES-NC,15,Navarra,42.66720115,-1.646111769,46,,3,0,,34,,1,0
2020-03-11,ES,España,ES-PV,16,País Vasco,43.04336306,-2.616817921,225,,15,6,,30,,10,0
2020-03-11,ES,España,ES-RI,17,La Rioja,42.27487336,-2.51703984,179,,1,2,,35,,0,1
2020-03-10,ES,España,ES-AN,1,Andalucía,37.46327438,-4.575625136,71,,1,0,,17,,0,0
2020-03-10,ES,España,ES-AR,2,Aragón,41.51953555,-0.659846412,38,,3,3,,25,,2,2
2020-03-10,ES,España,ES-AS,3,Asturias,43.29235786,-5.993509325,22,,2,0,,15,,0,0
2020-03-10,ES,España,ES-IB,4,Baleares,39.57518899,2.912291721,13,,1,0,,2,,1,0
2020-03-10,ES,España,ES-CN,5,Canarias,28.33979859,-15.67209842,25,,1,0,,3,,1,0
2020-03-10,ES,España,ES-CB,6,Cantabria,43.19751954,-4.030012132,12,,0,0,,0,,0,0
2020-03-10,ES,España,ES-CM,8,Castilla-La Mancha,39.58098963,-3.004627772,39,,2,0,,13,,0,0
2020-03-10,ES,España,ES-CL,7,Castilla y León,41.75439621,-4.78188694,56,,2,0,,33,,1,0
2020-03-10,ES,España,ES-CT,9,Cataluña,41.79855378,1.529053485,124,,0,3,,49,,0,2
2020-03-10,ES,España,ES-CE,18,Ceuta,35.89340699,-5.343424039,0,,0,0,,0,,0,0
2020-03-10,ES,España,ES-VC,10,Comunidad Valenciana,39.40155846,-0.5547267325,50,,1,1,,13,,0,0
2020-03-10,ES,España,ES-EX,11,Extremadura,39.19149925,-6.15082693,8,,0,0,,1,,0,0
2020-03-10,ES,España,ES-GA,12,Galicia,42.75679663,-7.910563441,22,,2,0,,16,,2,0
2020-03-10,ES,España,ES-MD,13,Madrid,40.49508296,-3.717040066,782,,77,21,,313,,24,13
2020-03-10,ES,España,ES-ML,19,Melilla,35.29082799,-2.950535523,0,,0,0,,0,,0,0
2020-03-10,ES,España,ES-MC,14,Murcia,38.00236791,-1.485758575,9,,0,0,,5,,0,0
2020-03-10,ES,España,ES-NC,15,Navarra,42.66720115,-1.646111769,12,,2,0,,9,,1,0
2020-03-10,ES,España,ES-PV,16,País Vasco,43.04336306,-2.616817921,195,,5,6,,46,,0,1
2020-03-10,ES,España,ES-RI,17,La Rioja,42.27487336,-2.51703984,144,,1,1,,63,,0,1
2020-03-09,ES,España,ES-AN,1,Andalucía,37.46327438,-4.575625136,54,,1,0,,19,,1,0
2020-03-09,ES,España,ES-AR,2,Aragón,41.51953555,-0.659846412,13,,1,1,,0,,1,-1
2020-03-09,ES,España,ES-AS,3,Asturias,43.29235786,-5.993509325,7,,2,0,,0,,2,0
2020-03-09,ES,España,ES-IB,4,Baleares,39.57518899,2.912291721,11,,0,0,,3,,0,0
2020-03-09,ES,España,ES-CN,5,Canarias,28.33979859,-15.67209842,22,,0,0,,5,,0,0
2020-03-09,ES,España,ES-CB,6,Cantabria,43.19751954,-4.030012132,12,,0,0,,0,,0,0
2020-03-09,ES,España,ES-CM,8,Castilla-La Mancha,39.58098963,-3.004627772,26,,2,0,,11,,2,0
2020-03-09,ES,España,ES-CL,7,Castilla y León,41.75439621,-4.78188694,23,,1,0,,1,,1,0
2020-03-09,ES,España,ES-CT,9,Cataluña,41.79855378,1.529053485,75,,0,1,,26,,0,0
2020-03-09,ES,España,ES-CE,18,Ceuta,35.89340699,-5.343424039,0,,0,0,,0,,0,0
2020-03-09,ES,España,ES-VC,10,Comunidad Valenciana,39.40155846,-0.5547267325,37,,1,1,,0,,1,0
2020-03-09,ES,España,ES-EX,11,Extremadura,39.19149925,-6.15082693,7,,0,0,,1,,0,0
2020-03-09,ES,España,ES-GA,12,Galicia,42.75679663,-7.910563441,6,,0,0,,1,,0,0
2020-03-09,ES,España,ES-MD,13,Madrid,40.49508296,-3.717040066,469,,53,8,,267,,53,0
2020-03-09,ES,España,ES-ML,19,Melilla,35.29082799,-2.950535523,0,,0,0,,0,,0,0
2020-03-09,ES,España,ES-MC,14,Murcia,38.00236791,-1.485758575,4,,0,0,,3,,0,0
2020-03-09,ES,España,ES-NC,15,Navarra,42.66720115,-1.646111769,3,,1,0,,0,,1,0
2020-03-09,ES,España,ES-PV,16,País Vasco,43.04336306,-2.616817921,149,,5,5,,47,,5,0
2020-03-09,ES,España,ES-RI,17,La Rioja,42.27487336,-2.51703984,81,,1,0,,26,,1,0
2020-03-08,ES,España,ES-AN,1,Andalucía,37.46327438,-4.575625136,35,,,0,,8,,,0
2020-03-08,ES,España,ES-AR,2,Aragón,41.51953555,-0.659846412,13,,,2,,2,,,1
2020-03-08,ES,España,ES-AS,3,Asturias,43.29235786,-5.993509325,7,,,0,,2,,,0
2020-03-08,ES,España,ES-IB,4,Baleares,39.57518899,2.912291721,8,,,0,,2,,,0
2020-03-08,ES,España,ES-CN,5,Canarias,28.33979859,-15.67209842,17,,,0,,-1,,,0
2020-03-08,ES,España,ES-CB,6,Cantabria,43.19751954,-4.030012132,12,,,0,,2,,,0
2020-03-08,ES,España,ES-CM,8,Castilla-La Mancha,39.58098963,-3.004627772,15,,,0,,0,,,0
2020-03-08,ES,España,ES-CL,7,Castilla y León,41.75439621,-4.78188694,22,,,0,,8,,,0
2020-03-08,ES,España,ES-CT,9,Cataluña,41.79855378,1.529053485,49,,,1,,25,,,0
2020-03-08,ES,España,ES-CE,18,Ceuta,35.89340699,-5.343424039,0,,,0,,0,,,0
2020-03-08,ES,España,ES-VC,10,Comunidad Valenciana,39.40155846,-0.5547267325,37,,,1,,7,,,0
2020-03-08,ES,España,ES-EX,11,Extremadura,39.19149925,-6.15082693,6,,,0,,0,,,0
2020-03-08,ES,España,ES-GA,12,Galicia,42.75679663,-7.910563441,5,,,0,,2,,,0
2020-03-08,ES,España,ES-MD,13,Madrid,40.49508296,-3.717040066,202,,,8,,28,,,4
2020-03-08,ES,España,ES-ML,19,Melilla,35.29082799,-2.950535523,0,,,0,,0,,,0
2020-03-08,ES,España,ES-MC,14,Murcia,38.00236791,-1.485758575,1,,,0,,1,,,0
2020-03-08,ES,España,ES-NC,15,Navarra,42.66720115,-1.646111769,3,,,0,,0,,,0
2020-03-08,ES,España,ES-PV,16,País Vasco,43.04336306,-2.616817921,102,,,5,,57,,,4
2020-03-08,ES,España,ES-RI,17,La Rioja,42.27487336,-2.51703984,55,,,0,,16,,,0
2020-03-07,ES,España,ES-AN,1,Andalucía,37.46327438,-4.575625136,27,,,0,,6,,,0
2020-03-07,ES,España,ES-AR,2,Aragón,41.51953555,-0.659846412,11,,,1,,5,,,0
2020-03-07,ES,España,ES-AS,3,Asturias,43.29235786,-5.993509325,5,,,0,,0,,,0
2020-03-07,ES,España,ES-IB,4,Baleares,39.57518899,2.912291721,6,,,0,,0,,,0
2020-03-07,ES,España,ES-CN,5,Canarias,28.33979859,-15.67209842,18,,,0,,7,,,0
2020-03-07,ES,España,ES-CB,6,Cantabria,43.19751954,-4.030012132,10,,,0,,0,,,0
2020-03-07,ES,España,ES-CM,8,Castilla-La Mancha,39.58098963,-3.004627772,15,,,0,,0,,,0
2020-03-07,ES,España,ES-CL,7,Castilla y León,41.75439621,-4.78188694,14,,,0,,0,,,0
2020-03-07,ES,España,ES-CT,9,Cataluña,41.79855378,1.529053485,24,,,1,,0,,,1
2020-03-07,ES,España,ES-CE,18,Ceuta,35.89340699,-5.343424039,0,,,0,,0,,,0
2020-03-07,ES,España,ES-VC,10,Comunidad Valenciana,39.40155846,-0.5547267325,30,,,1,,0,,,0
2020-03-07,ES,España,ES-EX,11,Extremadura,39.19149925,-6.15082693,6,,,0,,0,,,0
2020-03-07,ES,España,ES-GA,12,Galicia,42.75679663,-7.910563441,3,,,0,,0,,,0
2020-03-07,ES,España,ES-MD,13,Madrid,40.49508296,-3.717040066,174,,,4,,37,,,2
2020-03-07,ES,España,ES-ML,19,Melilla,35.29082799,-2.950535523,0,,,0,,0,,,0
2020-03-07,ES,España,ES-MC,14,Murcia,38.00236791,-1.485758575,0,,,0,,0,,,0
2020-03-07,ES,España,ES-NC,15,Navarra,42.66720115,-1.646111769,3,,,0,,0,,,0
2020-03-07,ES,España,ES-PV,16,País Vasco,43.04336306,-2.616817921,45,,,1,,0,,,0
2020-03-07,ES,España,ES-RI,17,La Rioja,42.27487336,-2.51703984,39,,,0,,10,,,0
2020-03-06,ES,España,ES-AN,1,Andalucía,37.46327438,-4.575625136,21,,1,0,,9,,0,0
2020-03-06,ES,España,ES-AR,2,Aragón,41.51953555,-0.659846412,6,,1,1,,5,,0,1
2020-03-06,ES,España,ES-AS,3,Asturias,43.29235786,-5.993509325,5,,2,0,,0,,0,0
2020-03-06,ES,España,ES-IB,4,Baleares,39.57518899,2.912291721,6,,0,0,,0,,0,0
2020-03-06,ES,España,ES-CN,5,Canarias,28.33979859,-15.67209842,11,,0,0,,3,,0,0
2020-03-06,ES,España,ES-CB,6,Cantabria,43.19751954,-4.030012132,10,,0,0,,0,,0,0
2020-03-06,ES,España,ES-CM,8,Castilla-La Mancha,39.58098963,-3.004627772,15,,1,0,,2,,0,0
2020-03-06,ES,España,ES-CL,7,Castilla y León,41.75439621,-4.78188694,14,,1,0,,3,,0,0
2020-03-06,ES,España,ES-CT,9,Cataluña,41.79855378,1.529053485,24,,0,0,,0,,0,0
2020-03-06,ES,España,ES-CE,18,Ceuta,35.89340699,-5.343424039,0,,0,0,,0,,0,0
2020-03-06,ES,España,ES-VC,10,Comunidad Valenciana,39.40155846,-0.5547267325,30,,1,1,,11,,1,0
2020-03-06,ES,España,ES-EX,11,Extremadura,39.19149925,-6.15082693,6,,0,0,,0,,0,0
2020-03-06,ES,España,ES-GA,12,Galicia,42.75679663,-7.910563441,3,,0,0,,2,,0,0
2020-03-06,ES,España,ES-MD,13,Madrid,40.49508296,-3.717040066,137,,2,2,,47,,0,1
2020-03-06,ES,España,ES-ML,19,Melilla,35.29082799,-2.950535523,0,,0,0,,0,,0,0
2020-03-06,ES,España,ES-MC,14,Murcia,38.00236791,-1.485758575,0,,0,0,,0,,0,0
2020-03-06,ES,España,ES-NC,15,Navarra,42.66720115,-1.646111769,3,,1,0,,0,,0,0
2020-03-06,ES,España,ES-PV,16,País Vasco,43.04336306,-2.616817921,45,,1,1,,28,,1,0
2020-03-06,ES,España,ES-RI,17,La Rioja,42.27487336,-2.51703984,29,,0,0,,18,,0,0
2020-03-05,ES,España,ES-AN,1,Andalucía,37.46327438,-4.575625136,12,,1,0,,-1,,0,0
2020-03-05,ES,España,ES-AR,2,Aragón,41.51953555,-0.659846412,1,,1,0,,1,,1,0
2020-03-05,ES,España,ES-AS,3,Asturias,43.29235786,-5.993509325,5,,2,0,,3,,1,0
2020-03-05,ES,España,ES-IB,4,Baleares,39.57518899,2.912291721,6,,0,0,,1,,0,0
2020-03-05,ES,España,ES-CN,5,Canarias,28.33979859,-15.67209842,8,,0,0,,1,,0,0
2020-03-05,ES,España,ES-CB,6,Cantabria,43.19751954,-4.030012132,10,,0,0,,0,,0,0
2020-03-05,ES,España,ES-CM,8,Castilla-La Mancha,39.58098963,-3.004627772,13,,1,0,,1,,0,0
2020-03-05,ES,España,ES-CL,7,Castilla y León,41.75439621,-4.78188694,11,,1,0,,0,,0,0
2020-03-05,ES,España,ES-CT,9,Cataluña,41.79855378,1.529053485,24,,0,0,,9,,0,0
2020-03-05,ES,España,ES-CE,18,Ceuta,35.89340699,-5.343424039,0,,0,0,,0,,0,0
2020-03-05,ES,España,ES-VC,10,Comunidad Valenciana,39.40155846,-0.5547267325,19,,0,1,,0,,0,0
2020-03-05,ES,España,ES-EX,11,Extremadura,39.19149925,-6.15082693,6,,0,0,,0,,0,0
2020-03-05,ES,España,ES-GA,12,Galicia,42.75679663,-7.910563441,1,,0,0,,0,,0,0
2020-03-05,ES,España,ES-MD,13,Madrid,40.49508296,-3.717040066,90,,2,1,,20,,0,1
2020-03-05,ES,España,ES-ML,19,Melilla,35.29082799,-2.950535523,0,,0,0,,0,,0,0
2020-03-05,ES,España,ES-MC,14,Murcia,38.00236791,-1.485758575,0,,0,0,,0,,0,0
2020-03-05,ES,España,ES-NC,15,Navarra,42.66720115,-1.646111769,3,,1,0,,0,,0,0
2020-03-05,ES,España,ES-PV,16,País Vasco,43.04336306,-2.616817921,17,,0,1,,0,,0,1
2020-03-05,ES,España,ES-RI,17,La Rioja,42.27487336,-2.51703984,11,,0,0,,4,,0,0
2020-03-04,ES,España,ES-AN,1,Andalucía,37.46327438,-4.575625136,13,,1,0,,0,,1,0
2020-03-04,ES,España,ES-AR,2,Aragón,41.51953555,-0.659846412,0,,0,0,,0,,0,0
2020-03-04,ES,España,ES-AS,3,Asturias,43.29235786,-5.993509325,2,,1,0,,1,,1,0
2020-03-04,ES,España,ES-IB,4,Baleares,39.57518899,2.912291721,5,,0,0,,3,,0,0
2020-03-04,ES,España,ES-CN,5,Canarias,28.33979859,-15.67209842,7,,0,0,,0,,0,0
2020-03-04,ES,España,ES-CB,6,Cantabria,43.19751954,-4.030012132,10,,0,0,,0,,0,0
2020-03-04,ES,España,ES-CM,8,Castilla-La Mancha,39.58098963,-3.004627772,12,,1,0,,5,,1,0
2020-03-04,ES,España,ES-CL,7,Castilla y León,41.75439621,-4.78188694,11,,1,0,,3,,1,0
2020-03-04,ES,España,ES-CT,9,Cataluña,41.79855378,1.529053485,15,,0,0,,0,,0,0
2020-03-04,ES,España,ES-CE,18,Ceuta,35.89340699,-5.343424039,0,,0,0,,0,,0,0
2020-03-04,ES,España,ES-VC,10,Comunidad Valenciana,39.40155846,-0.5547267325,19,,0,1,,4,,0,0
2020-03-04,ES,España,ES-EX,11,Extremadura,39.19149925,-6.15082693,6,,0,0,,0,,0,0
2020-03-04,ES,España,ES-GA,12,Galicia,42.75679663,-7.910563441,1,,0,0,,1,,0,0
2020-03-04,ES,España,ES-MD,13,Madrid,40.49508296,-3.717040066,70,,2,0,,21,,2,0
2020-03-04,ES,España,ES-ML,19,Melilla,35.29082799,-2.950535523,0,,0,0,,0,,0,0
2020-03-04,ES,España,ES-MC,14,Murcia,38.00236791,-1.485758575,0,,0,0,,0,,0,0
2020-03-04,ES,España,ES-NC,15,Navarra,42.66720115,-1.646111769,3,,1,0,,2,,1,0
2020-03-04,ES,España,ES-PV,16,País Vasco,43.04336306,-2.616817921,17,,0,0,,4,,0,0
2020-03-04,ES,España,ES-RI,17,La Rioja,42.27487336,-2.51703984,7,,0,0,,4,,0,0
2020-03-03,ES,España,ES-AN,1,Andalucía,37.46327438,-4.575625136,13,,0,0,,1,,0,0
2020-03-03,ES,España,ES-AR,2,Aragón,41.51953555,-0.659846412,0,,0,0,,0,,0,0
2020-03-03,ES,España,ES-AS,3,Asturias,43.29235786,-5.993509325,1,,0,0,,0,,0,0
2020-03-03,ES,España,ES-IB,4,Baleares,39.57518899,2.912291721,2,,0,0,,0,,0,0
2020-03-03,ES,España,ES-CN,5,Canarias,28.33979859,-15.67209842,7,,0,0,,0,,0,0
2020-03-03,ES,España,ES-CB,6,Cantabria,43.19751954,-4.030012132,10,,0,0,,0,,0,0
2020-03-03,ES,España,ES-CM,8,Castilla-La Mancha,39.58098963,-3.004627772,7,,0,0,,4,,0,0
2020-03-03,ES,España,ES-CL,7,Castilla y León,41.75439621,-4.78188694,8,,0,0,,5,,0,0
2020-03-03,ES,España,ES-CT,9,Cataluña,41.79855378,1.529053485,15,,0,0,,0,,0,0
2020-03-03,ES,España,ES-CE,18,Ceuta,35.89340699,-5.343424039,0,,0,0,,0,,0,0
2020-03-03,ES,España,ES-VC,10,Comunidad Valenciana,39.40155846,-0.5547267325,15,,0,1,,0,,0,0
2020-03-03,ES,España,ES-EX,11,Extremadura,39.19149925,-6.15082693,6,,0,0,,0,,0,0
2020-03-03,ES,España,ES-GA,12,Galicia,42.75679663,-7.910563441,0,,0,0,,0,,0,0
2020-03-03,ES,España,ES-MD,13,Madrid,40.49508296,-3.717040066,49,,0,0,,20,,0,0
2020-03-03,ES,España,ES-ML,19,Melilla,35.29082799,-2.950535523,0,,0,0,,0,,0,0
2020-03-03,ES,España,ES-MC,14,Murcia,38.00236791,-1.485758575,0,,0,0,,0,,0,0
2020-03-03,ES,España,ES-NC,15,Navarra,42.66720115,-1.646111769,1,,0,0,,0,,0,0
2020-03-03,ES,España,ES-PV,16,País Vasco,43.04336306,-2.616817921,13,,0,0,,4,,0,0
2020-03-03,ES,España,ES-RI,17,La Rioja,42.27487336,-2.51703984,3,,0,0,,2,,0,0
2020-03-02,ES,España,ES-AN,1,Andalucía,37.46327438,-4.575625136,12,,0,0,0,6,,0,0
2020-03-02,ES,España,ES-AR,2,Aragón,41.51953555,-0.659846412,0,,0,0,0,-1,,0,0
2020-03-02,ES,España,ES-AS,3,Asturias,43.29235786,-5.993509325,1,,0,0,0,1,,0,0
2020-03-02,ES,España,ES-IB,4,Baleares,39.57518899,2.912291721,2,,0,0,1,1,,0,0
2020-03-02,ES,España,ES-CN,5,Canarias,28.33979859,-15.67209842,7,,0,0,1,1,,0,0
2020-03-02,ES,España,ES-CB,6,Cantabria,43.19751954,-4.030012132,10,,0,0,0,10,,0,0
2020-03-02,ES,España,ES-CM,8,Castilla-La Mancha,39.58098963,-3.004627772,3,,0,0,0,3,,0,0
2020-03-02,ES,España,ES-CL,7,Castilla y León,41.75439621,-4.78188694,3,,0,0,0,1,,0,0
2020-03-02,ES,España,ES-CT,9,Cataluña,41.79855378,1.529053485,15,,0,0,0,12,,0,0
2020-03-02,ES,España,ES-CE,18,Ceuta,35.89340699,-5.343424039,0,,0,0,0,0,,0,0
2020-03-02,ES,España,ES-VC,10,Comunidad Valenciana,39.40155846,-0.5547267325,15,,0,1,0,7,,0,0
2020-03-02,ES,España,ES-EX,11,Extremadura,39.19149925,-6.15082693,6,,0,0,0,6,,0,0
2020-03-02,ES,España,ES-GA,12,Galicia,42.75679663,-7.910563441,0,,0,0,0,0,,0,0
2020-03-02,ES,España,ES-MD,13,Madrid,40.49508296,-3.717040066,29,,0,0,0,24,,0,0
2020-03-02,ES,España,ES-ML,19,Melilla,35.29082799,-2.950535523,0,,0,0,0,0,,0,0
2020-03-02,ES,España,ES-MC,14,Murcia,38.00236791,-1.485758575,0,,0,0,0,0,,0,0
2020-03-02,ES,España,ES-NC,15,Navarra,42.66720115,-1.646111769,1,,0,0,0,1,,0,0
2020-03-02,ES,España,ES-PV,16,País Vasco,43.04336306,-2.616817921,9,,0,0,0,9,,0,0
2020-03-02,ES,España,ES-RI,17,La Rioja,42.27487336,-2.51703984,1,,0,0,0,1,,0,0
2020-03-01,ES,España,ES-AN,1,Andalucía,37.46327438,-4.575625136,12,,,0,0,,,,
2020-03-01,ES,España,ES-AR,2,Aragón,41.51953555,-0.659846412,0,,,0,0,,,,
2020-03-01,ES,España,ES-AS,3,Asturias,43.29235786,-5.993509325,1,,,0,0,,,,
2020-03-01,ES,España,ES-IB,4,Baleares,39.57518899,2.912291721,2,,,0,1,,,,
2020-03-01,ES,España,ES-CN,5,Canarias,28.33979859,-15.67209842,7,,,0,1,,,,
2020-03-01,ES,España,ES-CB,6,Cantabria,43.19751954,-4.030012132,1,,,0,0,,,,
2020-03-01,ES,España,ES-CM,8,Castilla-La Mancha,39.58098963,-3.004627772,1,,,0,0,,,,
2020-03-01,ES,España,ES-CL,7,Castilla y León,41.75439621,-4.78188694,3,,,0,0,,,,
2020-03-01,ES,España,ES-CT,9,Cataluña,41.79855378,1.529053485,9,,,0,0,,,,
2020-03-01,ES,España,ES-CE,18,Ceuta,35.89340699,-5.343424039,0,,,0,0,,,,
2020-03-01,ES,España,ES-VC,10,Comunidad Valenciana,39.40155846,-0.5547267325,15,,,1,0,,,,
2020-03-01,ES,España,ES-EX,11,Extremadura,39.19149925,-6.15082693,4,,,0,0,,,,
2020-03-01,ES,España,ES-GA,12,Galicia,42.75679663,-7.910563441,0,,,0,0,,,,
2020-03-01,ES,España,ES-MD,13,Madrid,40.49508296,-3.717040066,14,,,0,0,,,,
2020-03-01,ES,España,ES-ML,19,Melilla,35.29082799,-2.950535523,0,,,0,0,,,,
2020-03-01,ES,España,ES-MC,14,Murcia,38.00236791,-1.485758575,0,,,0,0,,,,
2020-03-01,ES,España,ES-NC,15,Navarra,42.66720115,-1.646111769,1,,,0,0,,,,
2020-03-01,ES,España,ES-PV,16,País Vasco,43.04336306,-2.616817921,3,,,0,0,,,,
2020-03-01,ES,España,ES-RI,17,La Rioja,42.27487336,-2.51703984,0,,,0,0,,,,
2020-02-29,ES,España,ES-AN,1,Andalucía,37.46327438,-4.575625136,8,,,0,0,,,,
2020-02-29,ES,España,ES-AR,2,Aragón,41.51953555,-0.659846412,0,,,0,0,,,,
2020-02-29,ES,España,ES-AS,3,Asturias,43.29235786,-5.993509325,0,,,0,0,,,,
2020-02-29,ES,España,ES-IB,4,Baleares,39.57518899,2.912291721,2,,,0,0,,,,
2020-02-29,ES,España,ES-CN,5,Canarias,28.33979859,-15.67209842,6,,,0,1,,,,
2020-02-29,ES,España,ES-CB,6,Cantabria,43.19751954,-4.030012132,0,,,0,0,,,,
2020-02-29,ES,España,ES-CM,8,Castilla-La Mancha,39.58098963,-3.004627772,0,,,0,0,,,,
2020-02-29,ES,España,ES-CL,7,Castilla y León,41.75439621,-4.78188694,2,,,0,0,,,,
2020-02-29,ES,España,ES-CT,9,Cataluña,41.79855378,1.529053485,6,,,0,0,,,,
2020-02-29,ES,España,ES-CE,18,Ceuta,35.89340699,-5.343424039,0,,,0,0,,,,
2020-02-29,ES,España,ES-VC,10,Comunidad Valenciana,39.40155846,-0.5547267325,13,,,1,0,,,,
2020-02-29,ES,España,ES-EX,11,Extremadura,39.19149925,-6.15082693,0,,,0,0,,,,
2020-02-29,ES,España,ES-GA,12,Galicia,42.75679663,-7.910563441,0,,,0,0,,,,
2020-02-29,ES,España,ES-MD,13,Madrid,40.49508296,-3.717040066,10,,,0,0,,,,
2020-02-29,ES,España,ES-ML,19,Melilla,35.29082799,-2.950535523,0,,,0,0,,,,
2020-02-29,ES,España,ES-MC,14,Murcia,38.00236791,-1.485758575,0,,,0,0,,,,
2020-02-29,ES,España,ES-NC,15,Navarra,42.66720115,-1.646111769,0,,,0,0,,,,
2020-02-29,ES,España,ES-PV,16,País Vasco,43.04336306,-2.616817921,3,,,0,0,,,,
2020-02-29,ES,España,ES-RI,17,La Rioja,42.27487336,-2.51703984,0,,,0,0,,,,
2020-02-28,ES,España,ES-AN,1,Andalucía,37.46327438,-4.575625136,6,,0,0,,5,,0,0
2020-02-28,ES,España,ES-AR,2,Aragón,41.51953555,-0.659846412,1,,0,0,,1,,0,0
2020-02-28,ES,España,ES-AS,3,Asturias,43.29235786,-5.993509325,0,,0,0,,0,,0,0
2020-02-28,ES,España,ES-IB,4,Baleares,39.57518899,2.912291721,1,,0,0,,0,,0,0
2020-02-28,ES,España,ES-CN,5,Canarias,28.33979859,-15.67209842,6,,0,0,,0,,0,0
2020-02-28,ES,España,ES-CB,6,Cantabria,43.19751954,-4.030012132,0,,0,0,,0,,0,0
2020-02-28,ES,España,ES-CM,8,Castilla-La Mancha,39.58098963,-3.004627772,0,,0,0,,0,,0,0
2020-02-28,ES,España,ES-CL,7,Castilla y León,41.75439621,-4.78188694,2,,0,0,,2,,0,0
2020-02-28,ES,España,ES-CT,9,Cataluña,41.79855378,1.529053485,3,,0,0,,1,,0,0
2020-02-28,ES,España,ES-CE,18,Ceuta,35.89340699,-5.343424039,0,,0,0,,0,,0,0
2020-02-28,ES,España,ES-VC,10,Comunidad Valenciana,39.40155846,-0.5547267325,8,,0,1,,6,,0,0
2020-02-28,ES,España,ES-EX,11,Extremadura,39.19149925,-6.15082693,0,,0,0,,0,,0,0
2020-02-28,ES,España,ES-GA,12,Galicia,42.75679663,-7.910563441,0,,0,0,,0,,0,0
2020-02-28,ES,España,ES-MD,13,Madrid,40.49508296,-3.717040066,5,,0,0,,1,,0,0
2020-02-28,ES,España,ES-ML,19,Melilla,35.29082799,-2.950535523,0,,0,0,,0,,0,0
2020-02-28,ES,España,ES-MC,14,Murcia,38.00236791,-1.485758575,0,,0,0,,0,,0,0
2020-02-28,ES,España,ES-NC,15,Navarra,42.66720115,-1.646111769,0,,0,0,,0,,0,0
2020-02-28,ES,España,ES-PV,16,País Vasco,43.04336306,-2.616817921,0,,0,0,,0,,0,0
2020-02-28,ES,España,ES-RI,17,La Rioja,42.27487336,-2.51703984,0,,0,0,,0,,0,0
2020-02-27,ES,España,ES-AN,1,Andalucía,37.46327438,-4.575625136,1,,0,0,,1,,0,0
2020-02-27,ES,España,ES-AR,2,Aragón,41.51953555,-0.659846412,0,,0,0,,0,,0,0
2020-02-27,ES,España,ES-AS,3,Asturias,43.29235786,-5.993509325,0,,0,0,,0,,0,0
2020-02-27,ES,España,ES-IB,4,Baleares,39.57518899,2.912291721,1,,0,0,,1,,0,0
2020-02-27,ES,España,ES-CN,5,Canarias,28.33979859,-15.67209842,6,,0,0,,6,,0,0
2020-02-27,ES,España,ES-CB,6,Cantabria,43.19751954,-4.030012132,0,,0,0,,0,,0,0
2020-02-27,ES,España,ES-CM,8,Castilla-La Mancha,39.58098963,-3.004627772,0,,0,0,,0,,0,0
2020-02-27,ES,España,ES-CL,7,Castilla y León,41.75439621,-4.78188694,0,,0,0,,0,,0,0
2020-02-27,ES,España,ES-CT,9,Cataluña,41.79855378,1.529053485,2,,0,0,,2,,0,0
2020-02-27,ES,España,ES-CE,18,Ceuta,35.89340699,-5.343424039,0,,0,0,,0,,0,0
2020-02-27,ES,España,ES-VC,10,Comunidad Valenciana,39.40155846,-0.5547267325,2,,0,1,,2,,0,1
2020-02-27,ES,España,ES-EX,11,Extremadura,39.19149925,-6.15082693,0,,0,0,,0,,0,0
2020-02-27,ES,España,ES-GA,12,Galicia,42.75679663,-7.910563441,0,,0,0,,0,,0,0
2020-02-27,ES,España,ES-MD,13,Madrid,40.49508296,-3.717040066,4,,0,0,,4,,0,0
2020-02-27,ES,España,ES-ML,19,Melilla,35.29082799,-2.950535523,0,,0,0,,0,,0,0
2020-02-27,ES,España,ES-MC,14,Murcia,38.00236791,-1.485758575,0,,0,0,,0,,0,0
2020-02-27,ES,España,ES-NC,15,Navarra,42.66720115,-1.646111769,0,,0,0,,0,,0,0
2020-02-27,ES,España,ES-PV,16,País Vasco,43.04336306,-2.616817921,0,,0,0,,0,,0,0
2020-02-27,ES,España,ES-RI,17,La Rioja,42.27487336,-2.51703984,0,,0,0,,0,,0,0