ccaa_iso,fecha,num_casos,num_casos_prueba_pcr,num_casos_prueba_test_ac,num_casos_prueba_otras,num_casos_prueba_desconocida
AN,2020-01-31,0,0,0,0,0
AR,2020-01-31,0,0,0,0,0
AS,2020-01-31,0,0,0,0,0
CB,2020-01-31,0,0,0,0,0
CE,2020-01-31,0,0,0,0,0
CL,2020-01-31,0,0,0,0,0
CM,2020-01-31,0,0,0,0,0
CN,2020-01-31,0,0,0,0,0
CT,2020-01-31,0,0,0,0,0
EX,2020-01-31,0,0,0,0,0
GA,2020-01-31,0,0,0,0,0
IB,2020-01-31,0,0,0,0,0
MC,2020-01-31,0,0,0,0,0
MD,2020-01-31,4,4,0,0,0
ML,2020-01-31,0,0,0,0,0
NC,2020-01-31,0,0,0,0,0
PV,2020-01-31,0,0,0,0,0
RI,2020-01-31,0,0,0,0,0
VC,2020-01-31,4,3,1,0,0
AN,2020-02-01,2,2,0,0,0
AR,2020-02-01,0,0,0,0,0
AS,2020-02-01,0,0,0,0,0
CB,2020-02-01,0,0,0,0,0
CE,2020-02-01,0,0,0,0,0
CL,2020-02-01,0,0,0,0,0
CM,2020-02-01,0,0,0,0,0
CN,2020-02-01,0,0,0,0,0
CT,2020-02-01,7,5,0,0,2
EX,2020-02-01,0,0,0,0,0
GA,2020-02-01,0,0,0,0,0
IB,2020-02-01,0,0,0,0,0
MC,2020-02-01,0,0,0,0,0
MD,2020-02-01,9,9,0,0,0
ML,2020-02-01,0,0,0,0,0
NC,2020-02-01,0,0,0,0,0
PV,2020-02-01,0,0,0,0,0
RI,2020-02-01,0,0,0,0,0
VC,2020-02-01,2,2,0,0,0
AN,2020-02-02,2,1,1,0,0
AR,2020-02-02,0,0,0,0,0
AS,2020-02-02,0,0,0,0,0
CB,2020-02-02,0,0,0,0,0
CE,2020-02-02,0,0,0,0,0
CL,2020-02-02,0,0,0,0,0
CM,2020-02-02,0,0,0,0,0
CN,2020-02-02,1,0,0,0,1
CT,2020-02-02,2,1,0,0,1
EX,2020-02-02,2,0,2,0,0
GA,2020-02-02,1,1,0,0,0
IB,2020-02-02,0,0,0,0,0
MC,2020-02-02,0,0,0,0,0
MD,2020-02-02,6,6,0,0,0
ML,2020-02-02,0,0,0,0,0
NC,2020-02-02,0,0,0,0,0
PV,2020-02-02,0,0,0,0,0
RI,2020-02-02,0,0,0,0,0
VC,2020-02-02,0,0,0,0,0
AN,2020-02-03,1,1,0,0,0
AR,2020-02-03,0,0,0,0,0
AS,2020-02-03,0,0,0,0,0
CB,2020-02-03,0,0,0,0,0
CE,2020-02-03,0,0,0,0,0
CL,2020-02-03,1,0,1,0,0
CM,2020-02-03,0,0,0,0,0
CN,2020-02-03,0,0,0,0,0
CT,2020-02-03,2,1,0,0,1
EX,2020-02-03,0,0,0,0,0
GA,2020-02-03,1,1,0,0,0
IB,2020-02-03,0,0,0,0,0
MC,2020-02-03,0,0,0,0,0
MD,2020-02-03,7,7,0,0,0
ML,2020-02-03,0,0,0,0,0
NC,2020-02-03,0,0,0,0,0
PV,2020-02-03,0,0,0,0,0
RI,2020-02-03,1,1,0,0,0
VC,2020-02-03,5,1,3,0,1
AN,2020-02-04,1,0,1,0,0
AR,2020-02-04,0,0,0,0,0
AS,2020-02-04,0,0,0,0,0
CB,2020-02-04,0,0,0,0,0
CE,2020-02-04,0,0,0,0,0
CL,2020-02-04,1,1,0,0,0
CM,2020-02-04,0,0,0,0,0
CN,2020-02-04,1,1,0,0,0
CT,2020-02-04,4,4,0,0,0
EX,2020-02-04,0,0,0,0,0
GA,2020-02-04,1,0,1,0,0
IB,2020-02-04,0,0,0,0,0
MC,2020-02-04,0,0,0,0,0
MD,2020-02-04,3,3,0,0,0
ML,2020-02-04,0,0,0,0,0
NC,2020-02-04,1,0,1,0,0
PV,2020-02-04,0,0,0,0,0
RI,2020-02-04,0,0,0,0,0
VC,2020-02-04,1,0,1,0,0
AN,2020-02-05,1,0,1,0,0
AR,2020-02-05,0,0,0,0,0
AS,2020-02-05,0,0,0,0,0
CB,2020-02-05,0,0,0,0,0
CE,2020-02-05,1,0,1,0,0
CL,2020-02-05,1,1,0,0,0
CM,2020-02-05,0,0,0,0,0
CN,2020-02-05,0,0,0,0,0
CT,2020-02-05,2,2,0,0,0
EX,2020-02-05,0,0,0,0,0
GA,2020-02-05,1,0,0,0,1
IB,2020-02-05,0,0,0,0,0
MC,2020-02-05,2,0,2,0,0
MD,2020-02-05,4,4,0,0,0
ML,2020-02-05,0,0,0,0,0
NC,2020-02-05,0,0,0,0,0
PV,2020-02-05,0,0,0,0,0
RI,2020-02-05,0,0,0,0,0
VC,2020-02-05,3,0,3,0,0
AN,2020-02-06,2,1,1,0,0
AR,2020-02-06,1,1,0,0,0
AS,2020-02-06,0,0,0,0,0
CB,2020-02-06,0,0,0,0,0
CE,2020-02-06,0,0,0,0,0
CL,2020-02-06,0,0,0,0,0
CM,2020-02-06,0,0,0,0,0
CN,2020-02-06,0,0,0,0,0
CT,2020-02-06,1,1,0,0,0
EX,2020-02-06,0,0,0,0,0
GA,2020-02-06,0,0,0,0,0
IB,2020-02-06,0,0,0,0,0
MC,2020-02-06,0,0,0,0,0
MD,2020-02-06,4,4,0,0,0
ML,2020-02-06,0,0,0,0,0
NC,2020-02-06,0,0,0,0,0
PV,2020-02-06,0,0,0,0,0
RI,2020-02-06,0,0,0,0,0
VC,2020-02-06,2,2,0,0,0
AN,2020-02-07,2,2,0,0,0
AR,2020-02-07,0,0,0,0,0
AS,2020-02-07,0,0,0,0,0
CB,2020-02-07,0,0,0,0,0
CE,2020-02-07,0,0,0,0,0
CL,2020-02-07,1,1,0,0,0
CM,2020-02-07,0,0,0,0,0
CN,2020-02-07,0,0,0,0,0
CT,2020-02-07,2,1,0,0,1
EX,2020-02-07,0,0,0,0,0
GA,2020-02-07,0,0,0,0,0
IB,2020-02-07,0,0,0,0,0
MC,2020-02-07,0,0,0,0,0
MD,2020-02-07,9,9,0,0,0
ML,2020-02-07,0,0,0,0,0
NC,2020-02-07,0,0,0,0,0
PV,2020-02-07,0,0,0,0,0
RI,2020-02-07,0,0,0,0,0
VC,2020-02-07,1,0,1,0,0
AN,2020-02-08,0,0,0,0,0
AR,2020-02-08,0,0,0,0,0
AS,2020-02-08,0,0,0,0,0
CB,2020-02-08,0,0,0,0,0
CE,2020-02-08,0,0,0,0,0
CL,2020-02-08,0,0,0,0,0
CM,2020-02-08,0,0,0,0,0
CN,2020-02-08,0,0,0,0,0
CT,2020-02-08,0,0,0,0,0
EX,2020-02-08,1,1,0,0,0
GA,2020-02-08,0,0,0,0,0
IB,2020-02-08,0,0,0,0,0
MC,2020-02-08,0,0,0,0,0
MD,2020-02-08,8,8,0,0,0
ML,2020-02-08,0,0,0,0,0
NC,2020-02-08,0,0,0,0,0
PV,2020-02-08,0,0,0,0,0
RI,2020-02-08,0,0,0,0,0
VC,2020-02-08,0,0,0,0,0
AN,2020-02-09,1,0,1,0,0
AR,2020-02-09,0,0,0,0,0
AS,2020-02-09,0,0,0,0,0
CB,2020-02-09,0,0,0,0,0
CE,2020-02-09,0,0,0,0,0
CL,2020-02-09,0,0,0,0,0
CM,2020-02-09,0,0,0,0,0
CN,2020-02-09,0,0,0,0,0
CT,2020-02-09,1,0,0,0,1
EX,2020-02-09,0,0,0,0,0
GA,2020-02-09,0,0,0,0,0
IB,2020-02-09,0,0,0,0,0
MC,2020-02-09,0,0,0,0,0
MD,2020-02-09,2,2,0,0,0
ML,2020-02-09,0,0,0,0,0
NC,2020-02-09,0,0,0,0,0
PV,2020-02-09,1,0,0,0,1
RI,2020-02-09,0,0,0,0,0
VC,2020-02-09,0,0,0,0,0
AN,2020-02-10,1,1,0,0,0
AR,2020-02-10,0,0,0,0,0
AS,2020-02-10,0,0,0,0,0
CB,2020-02-10,0,0,0,0,0
CE,2020-02-10,0,0,0,0,0
CL,2020-02-10,1,0,1,0,0
CM,2020-02-10,0,0,0,0,0
CN,2020-02-10,0,0,0,0,0
CT,2020-02-10,3,3,0,0,0
EX,2020-02-10,0,0,0,0,0
GA,2020-02-10,0,0,0,0,0
IB,2020-02-10,2,2,0,0,0
MC,2020-02-10,1,0,1,0,0
MD,2020-02-10,10,10,0,0,0
ML,2020-02-10,0,0,0,0,0
NC,2020-02-10,1,1,0,0,0
PV,2020-02-10,0,0,0,0,0
RI,2020-02-10,0,0,0,0,0
VC,2020-02-10,4,1,3,0,0
AN,2020-02-11,1,0,1,0,0
AR,2020-02-11,1,1,0,0,0
AS,2020-02-11,0,0,0,0,0
CB,2020-02-11,0,0,0,0,0
CE,2020-02-11,0,0,0,0,0
CL,2020-02-11,1,1,0,0,0
CM,2020-02-11,0,0,0,0,0
CN,2020-02-11,0,0,0,0,0
CT,2020-02-11,2,1,0,0,1
EX,2020-02-11,0,0,0,0,0
GA,2020-02-11,0,0,0,0,0
IB,2020-02-11,0,0,0,0,0
MC,2020-02-11,0,0,0,0,0
MD,2020-02-11,8,8,0,0,0
ML,2020-02-11,0,0,0,0,0
NC,2020-02-11,0,0,0,0,0
PV,2020-02-11,0,0,0,0,0
RI,2020-02-11,0,0,0,0,0
VC,2020-02-11,1,1,0,0,0
AN,2020-02-12,1,1,0,0,0
AR,2020-02-12,0,0,0,0,0
AS,2020-02-12,0,0,0,0,0
CB,2020-02-12,0,0,0,0,0
CE,2020-02-12,0,0,0,0,0
CL,2020-02-12,2,2,0,0,0
CM,2020-02-12,0,0,0,0,0
CN,2020-02-12,1,1,0,0,0
CT,2020-02-12,5,4,0,0,1
EX,2020-02-12,0,0,0,0,0
GA,2020-02-12,0,0,0,0,0
IB,2020-02-12,0,0,0,0,0
MC,2020-02-12,0,0,0,0,0
MD,2020-02-12,9,9,0,0,0
ML,2020-02-12,0,0,0,0,0
NC,2020-02-12,0,0,0,0,0
PV,2020-02-12,2,2,0,0,0
RI,2020-02-12,0,0,0,0,0
VC,2020-02-12,1,1,0,0,0
AN,2020-02-13,2,1,1,0,0
AR,2020-02-13,1,1,0,0,0
AS,2020-02-13,0,0,0,0,0
CB,2020-02-13,0,0,0,0,0
CE,2020-02-13,1,0,1,0,0
CL,2020-02-13,3,0,3,0,0
CM,2020-02-13,0,0,0,0,0
CN,2020-02-13,0,0,0,0,0
CT,2020-02-13,10,8,0,0,2
EX,2020-02-13,1,0,1,0,0
GA,2020-02-13,0,0,0,0,0
IB,2020-02-13,0,0,0,0,0
MC,2020-02-13,0,0,0,0,0
MD,2020-02-13,15,15,0,0,0
ML,2020-02-13,0,0,0,0,0
NC,2020-02-13,0,0,0,0,0
PV,2020-02-13,0,0,0,0,0
RI,2020-02-13,0,0,0,0,0
VC,2020-02-13,2,1,1,0,0
AN,2020-02-14,1,1,0,0,0
AR,2020-02-14,0,0,0,0,0
AS,2020-02-14,0,0,0,0,0
CB,2020-02-14,0,0,0,0,0
CE,2020-02-14,0,0,0,0,0
CL,2020-02-14,1,1,0,0,0
CM,2020-02-14,0,0,0,0,0
CN,2020-02-14,1,1,0,0,0
CT,2020-02-14,1,1,0,0,0
EX,2020-02-14,1,1,0,0,0
GA,2020-02-14,0,0,0,0,0
IB,2020-02-14,1,1,0,0,0
MC,2020-02-14,1,0,1,0,0
MD,2020-02-14,11,11,0,0,0
ML,2020-02-14,0,0,0,0,0
NC,2020-02-14,0,0,0,0,0
PV,2020-02-14,0,0,0,0,0
RI,2020-02-14,0,0,0,0,0
VC,2020-02-14,2,2,0,0,0
AN,2020-02-15,4,1,3,0,0
AR,2020-02-15,0,0,0,0,0
AS,2020-02-15,0,0,0,0,0
CB,2020-02-15,0,0,0,0,0
CE,2020-02-15,0,0,0,0,0
CL,2020-02-15,0,0,0,0,0
CM,2020-02-15,0,0,0,0,0
CN,2020-02-15,0,0,0,0,0
CT,2020-02-15,9,9,0,0,0
EX,2020-02-15,2,1,1,0,0
GA,2020-02-15,0,0,0,0,0
IB,2020-02-15,0,0,0,0,0
MC,2020-02-15,0,0,0,0,0
MD,2020-02-15,13,13,0,0,0
ML,2020-02-15,0,0,0,0,0
NC,2020-02-15,0,0,0,0,0
PV,2020-02-15,3,3,0,0,0
RI,2020-02-15,0,0,0,0,0
VC,2020-02-15,4,4,0,0,0
AN,2020-02-16,0,0,0,0,0
AR,2020-02-16,1,1,0,0,0
AS,2020-02-16,0,0,0,0,0
CB,2020-02-16,0,0,0,0,0
CE,2020-02-16,0,0,0,0,0
CL,2020-02-16,0,0,0,0,0
CM,2020-02-16,0,0,0,0,0
CN,2020-02-16,2,2,0,0,0
CT,2020-02-16,5,4,0,0,1
EX,2020-02-16,0,0,0,0,0
GA,2020-02-16,1,1,0,0,0
IB,2020-02-16,0,0,0,0,0
MC,2020-02-16,0,0,0,0,0
MD,2020-02-16,14,14,0,0,0
ML,2020-02-16,0,0,0,0,0
NC,2020-02-16,0,0,0,0,0
PV,2020-02-16,1,1,0,0,0
RI,2020-02-16,0,0,0,0,0
VC,2020-02-16,1,1,0,0,0
AN,2020-02-17,2,0,2,0,0
AR,2020-02-17,1,1,0,0,0
AS,2020-02-17,0,0,0,0,0
CB,2020-02-17,0,0,0,0,0
CE,2020-02-17,0,0,0,0,0
CL,2020-02-17,0,0,0,0,0
CM,2020-02-17,0,0,0,0,0
CN,2020-02-17,0,0,0,0,0
CT,2020-02-17,2,1,0,0,1
EX,2020-02-17,1,0,1,0,0
GA,2020-02-17,0,0,0,0,0
IB,2020-02-17,0,0,0,0,0
MC,2020-02-17,3,0,3,0,0
MD,2020-02-17,19,19,0,0,0
ML,2020-02-17,0,0,0,0,0
NC,2020-02-17,0,0,0,0,0
PV,2020-02-17,2,2,0,0,0
RI,2020-02-17,0,0,0,0,0
VC,2020-02-17,5,2,3,0,0
AN,2020-02-18,3,3,0,0,0
AR,2020-02-18,1,1,0,0,0
AS,2020-02-18,0,0,0,0,0
CB,2020-02-18,0,0,0,0,0
CE,2020-02-18,0,0,0,0,0
CL,2020-02-18,1,1,0,0,0
CM,2020-02-18,0,0,0,0,0
CN,2020-02-18,1,1,0,0,0
CT,2020-02-18,4,4,0,0,0
EX,2020-02-18,0,0,0,0,0
GA,2020-02-18,1,1,0,0,0
IB,2020-02-18,0,0,0,0,0
MC,2020-02-18,1,0,1,0,0
MD,2020-02-18,14,14,0,0,0
ML,2020-02-18,0,0,0,0,0
NC,2020-02-18,0,0,0,0,0
PV,2020-02-18,0,0,0,0,0
RI,2020-02-18,0,0,0,0,0
VC,2020-02-18,2,1,1,0,0
AN,2020-02-19,1,0,1,0,0
AR,2020-02-19,0,0,0,0,0
AS,2020-02-19,0,0,0,0,0
CB,2020-02-19,0,0,0,0,0
CE,2020-02-19,0,0,0,0,0
CL,2020-02-19,1,0,1,0,0
CM,2020-02-19,0,0,0,0,0
CN,2020-02-19,1,1,0,0,0
CT,2020-02-19,1,1,0,0,0
EX,2020-02-19,1,1,0,0,0
GA,2020-02-19,1,0,0,0,1
IB,2020-02-19,0,0,0,0,0
MC,2020-02-19,1,0,1,0,0
MD,2020-02-19,12,12,0,0,0
ML,2020-02-19,0,0,0,0,0
NC,2020-02-19,0,0,0,0,0
PV,2020-02-19,1,1,0,0,0
RI,2020-02-19,0,0,0,0,0
VC,2020-02-19,2,1,1,0,0
AN,2020-02-20,8,3,5,0,0
AR,2020-02-20,0,0,0,0,0
AS,2020-02-20,0,0,0,0,0
CB,2020-02-20,0,0,0,0,0
CE,2020-02-20,0,0,0,0,0
CL,2020-02-20,3,1,2,0,0
CM,2020-02-20,2,1,0,0,1
CN,2020-02-20,1,1,0,0,0
CT,2020-02-20,11,8,0,0,3
EX,2020-02-20,1,0,1,0,0
GA,2020-02-20,3,3,0,0,0
IB,2020-02-20,1,0,1,0,0
MC,2020-02-20,0,0,0,0,0
MD,2020-02-20,22,22,0,0,0
ML,2020-02-20,0,0,0,0,0
NC,2020-02-20,1,0,1,0,0
PV,2020-02-20,1,1,0,0,0
RI,2020-02-20,0,0,0,0,0
VC,2020-02-20,6,3,3,0,0
AN,2020-02-21,5,4,1,0,0
AR,2020-02-21,2,2,0,0,0
AS,2020-02-21,0,0,0,0,0
CB,2020-02-21,0,0,0,0,0
CE,2020-02-21,0,0,0,0,0
CL,2020-02-21,5,3,2,0,0
CM,2020-02-21,0,0,0,0,0
CN,2020-02-21,0,0,0,0,0
CT,2020-02-21,14,12,0,0,2
EX,2020-02-21,1,0,1,0,0
GA,2020-02-21,0,0,0,0,0
IB,2020-02-21,0,0,0,0,0
MC,2020-02-21,0,0,0,0,0
MD,2020-02-21,27,27,0,0,0
ML,2020-02-21,0,0,0,0,0
NC,2020-02-21,2,1,1,0,0
PV,2020-02-21,3,3,0,0,0
RI,2020-02-21,1,1,0,0,0
VC,2020-02-21,3,2,1,0,0
AN,2020-02-22,2,2,0,0,0
AR,2020-02-22,3,3,0,0,0
AS,2020-02-22,0,0,0,0,0
CB,2020-02-22,0,0,0,0,0
CE,2020-02-22,0,0,0,0,0
CL,2020-02-22,2,2,0,0,0
CM,2020-02-22,0,0,0,0,0
CN,2020-02-22,0,0,0,0,0
CT,2020-02-22,11,9,0,0,2
EX,2020-02-22,0,0,0,0,0
GA,2020-02-22,3,2,1,0,0
IB,2020-02-22,0,0,0,0,0
MC,2020-02-22,1,1,0,0,0
MD,2020-02-22,30,30,0,0,0
ML,2020-02-22,0,0,0,0,0
NC,2020-02-22,1,1,0,0,0
PV,2020-02-22,4,4,0,0,0
RI,2020-02-22,0,0,0,0,0
VC,2020-02-22,2,2,0,0,0
AN,2020-02-23,2,2,0,0,0
AR,2020-02-23,1,1,0,0,0
AS,2020-02-23,1,1,0,0,0
CB,2020-02-23,1,1,0,0,0
CE,2020-02-23,0,0,0,0,0
CL,2020-02-23,5,4,1,0,0
CM,2020-02-23,0,0,0,0,0
CN,2020-02-23,2,2,0,0,0
CT,2020-02-23,8,6,0,0,2
EX,2020-02-23,0,0,0,0,0
GA,2020-02-23,0,0,0,0,0
IB,2020-02-23,0,0,0,0,0
MC,2020-02-23,1,1,0,0,0
MD,2020-02-23,44,44,0,0,0
ML,2020-02-23,0,0,0,0,0
NC,2020-02-23,1,1,0,0,0
PV,2020-02-23,1,1,0,0,0
RI,2020-02-23,1,1,0,0,0
VC,2020-02-23,5,5,0,0,0
AN,2020-02-24,5,5,0,0,0
AR,2020-02-24,1,1,0,0,0
AS,2020-02-24,0,0,0,0,0
CB,2020-02-24,0,0,0,0,0
CE,2020-02-24,0,0,0,0,0
CL,2020-02-24,5,4,1,0,0
CM,2020-02-24,4,0,0,0,4
CN,2020-02-24,0,0,0,0,0
CT,2020-02-24,14,9,0,0,5
EX,2020-02-24,0,0,0,0,0
GA,2020-02-24,1,1,0,0,0
IB,2020-02-24,0,0,0,0,0
MC,2020-02-24,2,1,1,0,0
MD,2020-02-24,57,57,0,0,0
ML,2020-02-24,0,0,0,0,0
NC,2020-02-24,3,3,0,0,0
PV,2020-02-24,6,6,0,0,0
RI,2020-02-24,2,2,0,0,0
VC,2020-02-24,15,13,2,0,0
AN,2020-02-25,9,9,0,0,0
AR,2020-02-25,2,2,0,0,0
AS,2020-02-25,1,1,0,0,0
CB,2020-02-25,8,8,0,0,0
CE,2020-02-25,0,0,0,0,0
CL,2020-02-25,6,5,1,0,0
CM,2020-02-25,4,1,0,0,3
CN,2020-02-25,2,1,0,0,1
CT,2020-02-25,21,17,0,1,3
EX,2020-02-25,5,2,3,0,0
GA,2020-02-25,3,2,0,0,1
IB,2020-02-25,0,0,0,0,0
MC,2020-02-25,3,1,2,0,0
MD,2020-02-25,51,50,0,0,1
ML,2020-02-25,0,0,0,0,0
NC,2020-02-25,4,2,2,0,0
PV,2020-02-25,12,11,0,0,1
RI,2020-02-25,2,2,0,0,0
VC,2020-02-25,10,8,2,0,0
AN,2020-02-26,9,9,0,0,0
AR,2020-02-26,2,2,0,0,0
AS,2020-02-26,0,0,0,0,0
CB,2020-02-26,0,0,0,0,0
CE,2020-02-26,0,0,0,0,0
CL,2020-02-26,8,7,1,0,0
CM,2020-02-26,5,2,0,0,3
CN,2020-02-26,7,7,0,0,0
CT,2020-02-26,30,19,0,0,11
EX,2020-02-26,1,0,1,0,0
GA,2020-02-26,3,3,0,0,0
IB,2020-02-26,1,0,1,0,0
MC,2020-02-26,1,0,1,0,0
MD,2020-02-26,69,69,0,0,0
ML,2020-02-26,0,0,0,0,0
NC,2020-02-26,5,2,3,0,0
PV,2020-02-26,11,11,0,0,0
RI,2020-02-26,4,4,0,0,0
VC,2020-02-26,9,8,1,0,0
AN,2020-02-27,11,7,4,0,0
AR,2020-02-27,0,0,0,0,0
AS,2020-02-27,0,0,0,0,0
CB,2020-02-27,0,0,0,0,0
CE,2020-02-27,0,0,0,0,0
CL,2020-02-27,7,6,1,0,0
CM,2020-02-27,9,2,0,0,7
CN,2020-02-27,1,1,0,0,0
CT,2020-02-27,15,12,0,0,3
EX,2020-02-27,3,1,2,0,0
GA,2020-02-27,7,7,0,0,0
IB,2020-02-27,4,4,0,0,0
MC,2020-02-27,1,1,0,0,0
MD,2020-02-27,94,94,0,0,0
ML,2020-02-27,0,0,0,0,0
NC,2020-02-27,5,4,1,0,0
PV,2020-02-27,14,13,0,0,1
RI,2020-02-27,9,8,1,0,0
VC,2020-02-27,15,15,0,0,0
AN,2020-02-28,8,7,1,0,0
AR,2020-02-28,3,3,0,0,0
AS,2020-02-28,1,1,0,0,0
CB,2020-02-28,0,0,0,0,0
CE,2020-02-28,0,0,0,0,0
CL,2020-02-28,11,8,3,0,0
CM,2020-02-28,11,4,1,0,6
CN,2020-02-28,8,7,0,0,1
CT,2020-02-28,35,28,0,1,6
EX,2020-02-28,8,4,3,0,1
GA,2020-02-28,6,6,0,0,0
IB,2020-02-28,4,1,0,0,3
MC,2020-02-28,3,1,2,0,0
MD,2020-02-28,162,161,0,0,1
ML,2020-02-28,0,0,0,0,0
NC,2020-02-28,3,2,1,0,0
PV,2020-02-28,33,31,0,0,2
RI,2020-02-28,10,10,0,0,0
VC,2020-02-28,28,22,5,0,1
AN,2020-02-29,9,8,1,0,0
AR,2020-02-29,6,6,0,0,0
AS,2020-02-29,2,2,0,0,0
CB,2020-02-29,1,1,0,0,0
CE,2020-02-29,0,0,0,0,0
CL,2020-02-29,10,10,0,0,0
CM,2020-02-29,15,3,0,0,12
CN,2020-02-29,6,6,0,0,0
CT,2020-02-29,27,19,0,0,8
EX,2020-02-29,4,3,1,0,0
GA,2020-02-29,1,1,0,0,0
IB,2020-02-29,2,2,0,0,0
MC,2020-02-29,3,2,1,0,0
MD,2020-02-29,108,107,1,0,0
ML,2020-02-29,0,0,0,0,0
NC,2020-02-29,5,4,1,0,0
PV,2020-02-29,24,24,0,0,0
RI,2020-02-29,13,13,0,0,0
VC,2020-02-29,17,14,3,0,0
AN,2020-03-01,34,25,9,0,0
AR,2020-03-01,8,8,0,0,0
AS,2020-03-01,2,2,0,0,0
CB,2020-03-01,1,1,0,0,0
CE,2020-03-01,0,0,0,0,0
CL,2020-03-01,32,28,4,0,0
CM,2020-03-01,66,15,0,3,48
CN,2020-03-01,7,7,0,0,0
CT,2020-03-01,87,76,0,1,10
EX,2020-03-01,5,3,2,0,0
GA,2020-03-01,7,5,2,0,0
IB,2020-03-01,4,4,0,0,0
MC,2020-03-01,5,4,1,0,0
MD,2020-03-01,321,321,0,0,0
ML,2020-03-01,0,0,0,0,0
NC,2020-03-01,13,8,5,0,0
PV,2020-03-01,47,47,0,0,0
RI,2020-03-01,22,22,0,0,0
VC,2020-03-01,44,34,9,0,1
AN,2020-03-02,33,31,2,0,0
AR,2020-03-02,14,14,0,0,0
AS,2020-03-02,3,3,0,0,0
CB,2020-03-02,0,0,0,0,0
CE,2020-03-02,0,0,0,0,0
CL,2020-03-02,44,37,7,0,0
CM,2020-03-02,62,18,0,5,39
CN,2020-03-02,12,12,0,0,0
CT,2020-03-02,81,60,0,1,20
EX,2020-03-02,7,6,1,0,0
GA,2020-03-02,19,19,0,0,0
IB,2020-03-02,6,6,0,0,0
MC,2020-03-02,8,6,2,0,0
MD,2020-03-02,382,382,0,0,0
ML,2020-03-02,0,0,0,0,0
NC,2020-03-02,14,10,4,0,0
PV,2020-03-02,56,54,0,0,2
RI,2020-03-02,30,29,1,0,0
VC,2020-03-02,46,36,9,0,1
AN,2020-03-03,42,36,6,0,0
AR,2020-03-03,7,7,0,0,0
AS,2020-03-03,2,2,0,0,0
CB,2020-03-03,0,0,0,0,0
CE,2020-03-03,2,0,1,0,1
CL,2020-03-03,29,27,2,0,0
CM,2020-03-03,47,14,0,0,33
CN,2020-03-03,8,8,0,0,0
CT,2020-03-03,90,75,0,1,14
EX,2020-03-03,9,4,5,0,0
GA,2020-03-03,16,16,0,0,0
IB,2020-03-03,7,7,0,0,0
MC,2020-03-03,6,3,3,0,0
MD,2020-03-03,395,395,0,0,0
ML,2020-03-03,0,0,0,0,0
NC,2020-03-03,18,14,4,0,0
PV,2020-03-03,58,57,0,0,1
RI,2020-03-03,28,27,1,0,0
VC,2020-03-03,37,26,9,0,2
AN,2020-03-04,34,31,3,0,0
AR,2020-03-04,14,14,0,0,0
AS,2020-03-04,2,2,0,0,0
CB,2020-03-04,0,0,0,0,0
CE,2020-03-04,0,0,0,0,0
CL,2020-03-04,35,31,4,0,0
CM,2020-03-04,60,17,1,2,40
CN,2020-03-04,14,14,0,0,0
CT,2020-03-04,149,127,0,2,20
EX,2020-03-04,9,6,3,0,0
GA,2020-03-04,14,13,0,0,1
IB,2020-03-04,5,5,0,0,0
MC,2020-03-04,11,5,6,0,0
MD,2020-03-04,463,462,0,0,1
ML,2020-03-04,0,0,0,0,0
NC,2020-03-04,22,18,4,0,0
PV,2020-03-04,69,69,0,0,0
RI,2020-03-04,25,25,0,0,0
VC,2020-03-04,37,33,4,0,0
AN,2020-03-05,61,55,6,0,0
AR,2020-03-05,10,10,0,0,0
AS,2020-03-05,5,5,0,0,0
CB,2020-03-05,0,0,0,0,0
CE,2020-03-05,1,0,1,0,0
CL,2020-03-05,55,46,9,0,0
CM,2020-03-05,77,20,1,2,54
CN,2020-03-05,16,15,0,0,1
CT,2020-03-05,174,155,0,1,18
EX,2020-03-05,6,5,1,0,0
GA,2020-03-05,19,18,0,0,1
IB,2020-03-05,12,12,0,0,0
MC,2020-03-05,14,10,4,0,0
MD,2020-03-05,651,649,0,0,2
ML,2020-03-05,1,1,0,0,0
NC,2020-03-05,28,19,9,0,0
PV,2020-03-05,75,74,0,0,1
RI,2020-03-05,27,27,0,0,0
VC,2020-03-05,56,46,8,0,2
AN,2020-03-06,73,66,7,0,0
AR,2020-03-06,15,15,0,0,0
AS,2020-03-06,12,12,0,0,0
CB,2020-03-06,9,9,0,0,0
CE,2020-03-06,0,0,0,0,0
CL,2020-03-06,57,49,8,0,0
CM,2020-03-06,100,27,0,0,73
CN,2020-03-06,25,24,0,0,1
CT,2020-03-06,269,238,0,3,28
EX,2020-03-06,20,11,9,0,0
GA,2020-03-06,24,24,0,0,0
IB,2020-03-06,10,10,0,0,0
MC,2020-03-06,13,10,3,0,0
MD,2020-03-06,793,788,0,0,5
ML,2020-03-06,1,1,0,0,0
NC,2020-03-06,26,19,7,0,0
PV,2020-03-06,81,80,0,0,1
RI,2020-03-06,45,44,1,0,0
VC,2020-03-06,78,66,12,0,0
AN,2020-03-07,77,72,5,0,0
AR,2020-03-07,21,21,0,0,0
AS,2020-03-07,12,12,0,0,0
CB,2020-03-07,12,12,0,0,0
CE,2020-03-07,0,0,0,0,0
CL,2020-03-07,83,71,12,0,0
CM,2020-03-07,141,32,0,1,108
CN,2020-03-07,19,18,0,0,1
CT,2020-03-07,293,260,0,3,30
EX,2020-03-07,15,12,3,0,0
GA,2020-03-07,33,32,0,0,1
IB,2020-03-07,7,6,1,0,0
MC,2020-03-07,20,15,5,0,0
MD,2020-03-07,843,840,1,0,2
ML,2020-03-07,3,3,0,0,0
NC,2020-03-07,49,42,7,0,0
PV,2020-03-07,92,87,0,0,5
RI,2020-03-07,39,39,0,0,0
VC,2020-03-07,80,64,8,0,8
AN,2020-03-08,87,78,9,0,0
AR,2020-03-08,36,35,0,0,1
AS,2020-03-08,14,14,0,0,0
CB,2020-03-08,17,17,0,0,0
CE,2020-03-08,1,0,0,0,1
CL,2020-03-08,80,70,10,0,0
CM,2020-03-08,161,27,0,0,134
CN,2020-03-08,34,30,0,0,4
CT,2020-03-08,331,303,0,1,27
EX,2020-03-08,19,12,7,0,0
GA,2020-03-08,38,35,0,0,3
IB,2020-03-08,14,12,1,0,1
MC,2020-03-08,19,14,5,0,0
MD,2020-03-08,1054,1053,0,0,1
ML,2020-03-08,1,1,0,0,0
NC,2020-03-08,51,38,13,0,0
PV,2020-03-08,101,98,0,0,3
RI,2020-03-08,41,41,0,0,0
VC,2020-03-08,118,99,17,0,2
AN,2020-03-09,169,158,11,0,0
AR,2020-03-09,36,36,0,0,0
AS,2020-03-09,32,32,0,0,0
CB,2020-03-09,9,9,0,0,0
CE,2020-03-09,1,0,1,0,0
CL,2020-03-09,167,147,20,0,0
CM,2020-03-09,208,45,0,0,163
CN,2020-03-09,46,39,0,0,7
CT,2020-03-09,567,514,0,2,51
EX,2020-03-09,38,31,7,0,0
GA,2020-03-09,82,80,1,0,1
IB,2020-03-09,17,16,1,0,0
MC,2020-03-09,34,24,9,0,1
MD,2020-03-09,1519,1513,0,0,6
ML,2020-03-09,2,2,0,0,0
NC,2020-03-09,97,77,20,0,0
PV,2020-03-09,143,140,0,0,3
RI,2020-03-09,60,59,1,0,0
VC,2020-03-09,186,162,21,0,3
AN,2020-03-10,221,204,17,0,0
AR,2020-03-10,52,52,0,0,0
AS,2020-03-10,52,52,0,0,0
CB,2020-03-10,3,3,0,0,0
CE,2020-03-10,1,0,0,0,1
CL,2020-03-10,213,191,22,0,0
CM,2020-03-10,291,81,1,0,209
CN,2020-03-10,55,50,0,0,5
CT,2020-03-10,797,722,0,1,74
EX,2020-03-10,44,36,8,0,0
GA,2020-03-10,118,113,2,0,3
IB,2020-03-10,36,34,2,0,0
MC,2020-03-10,65,48,16,0,1
MD,2020-03-10,1989,1982,1,0,6
ML,2020-03-10,5,5,0,0,0
NC,2020-03-10,109,84,25,0,0
PV,2020-03-10,227,225,0,0,2
RI,2020-03-10,88,88,0,0,0
VC,2020-03-10,305,266,33,0,6
AN,2020-03-11,263,246,17,0,0
AR,2020-03-11,65,65,0,0,0
AS,2020-03-11,43,43,0,0,0
CB,2020-03-11,17,17,0,0,0
CE,2020-03-11,3,0,1,0,2
CL,2020-03-11,257,220,36,0,1
CM,2020-03-11,325,77,2,1,245
CN,2020-03-11,59,54,0,0,5
CT,2020-03-11,760,703,0,2,55
EX,2020-03-11,74,57,17,0,0
GA,2020-03-11,131,129,1,0,1
IB,2020-03-11,42,41,1,0,0
MC,2020-03-11,74,56,17,0,1
MD,2020-03-11,1970,1969,0,0,1
ML,2020-03-11,4,3,0,0,1
NC,2020-03-11,129,108,21,0,0
PV,2020-03-11,227,220,0,0,7
RI,2020-03-11,71,68,2,0,1
VC,2020-03-11,294,263,25,0,6
AN,2020-03-12,318,301,17,0,0
AR,2020-03-12,79,79,0,0,0
AS,2020-03-12,57,57,0,0,0
CB,2020-03-12,36,36,0,0,0
CE,2020-03-12,1,0,0,0,1
CL,2020-03-12,344,308,36,0,0
CM,2020-03-12,454,111,4,3,336
CN,2020-03-12,73,69,0,0,4
CT,2020-03-12,1030,969,0,1,60
EX,2020-03-12,87,72,15,0,0
GA,2020-03-12,181,181,0,0,0
IB,2020-03-12,42,39,2,0,1
MC,2020-03-12,62,40,21,0,1
MD,2020-03-12,2343,2336,0,0,7
ML,2020-03-12,3,1,1,0,1
NC,2020-03-12,178,136,42,0,0
PV,2020-03-12,272,264,0,0,8
RI,2020-03-12,74,72,2,0,0
VC,2020-03-12,389,357,31,0,1
AN,2020-03-13,487,447,40,0,0
AR,2020-03-13,115,115,0,0,0
AS,2020-03-13,70,70,0,0,0
CB,2020-03-13,54,54,0,0,0
CE,2020-03-13,6,1,0,0,5
CL,2020-03-13,505,446,59,0,0
CM,2020-03-13,628,183,1,3,441
CN,2020-03-13,109,100,0,0,9
CT,2020-03-13,1363,1266,0,6,91
EX,2020-03-13,94,81,13,0,0
GA,2020-03-13,241,240,0,0,1
IB,2020-03-13,61,61,0,0,0
MC,2020-03-13,104,70,33,0,1
MD,2020-03-13,2837,2833,0,0,4
ML,2020-03-13,10,9,1,0,0
NC,2020-03-13,208,135,73,0,0
PV,2020-03-13,427,408,0,0,19
RI,2020-03-13,107,106,1,0,0
VC,2020-03-13,498,443,45,0,10
AN,2020-03-14,420,392,28,0,0
AR,2020-03-14,106,106,0,0,0
AS,2020-03-14,81,81,0,0,0
CB,2020-03-14,59,59,0,0,0
CE,2020-03-14,4,0,1,0,3
CL,2020-03-14,521,465,55,1,0
CM,2020-03-14,605,158,1,2,444
CN,2020-03-14,97,93,0,0,4
CT,2020-03-14,1321,1234,0,6,81
EX,2020-03-14,89,71,18,0,0
GA,2020-03-14,240,238,1,0,1
IB,2020-03-14,71,68,3,0,0
MC,2020-03-14,108,80,28,0,0
MD,2020-03-14,2562,2551,0,0,11
ML,2020-03-14,4,3,1,0,0
NC,2020-03-14,176,120,56,0,0
PV,2020-03-14,420,410,0,0,10
RI,2020-03-14,138,136,2,0,0
VC,2020-03-14,496,452,33,0,11
AN,2020-03-15,450,409,41,0,0
AR,2020-03-15,126,126,0,0,0
AS,2020-03-15,89,89,0,0,0
CB,2020-03-15,68,68,0,0,0
CE,2020-03-15,2,0,1,0,1
CL,2020-03-15,538,472,65,0,1
CM,2020-03-15,773,249,3,6,515
CN,2020-03-15,91,89,0,0,2
CT,2020-03-15,1368,1288,0,11,69
EX,2020-03-15,86,62,24,0,0
GA,2020-03-15,270,269,1,0,0
IB,2020-03-15,85,83,1,0,1
MC,2020-03-15,97,70,26,0,1
MD,2020-03-15,2682,2673,0,0,9
ML,2020-03-15,3,3,0,0,0
NC,2020-03-15,252,156,96,0,0
PV,2020-03-15,433,417,0,0,16
RI,2020-03-15,111,109,2,0,0
VC,2020-03-15,529,466,55,0,8
AN,2020-03-16,573,536,37,0,0
AR,2020-03-16,163,163,0,0,0
AS,2020-03-16,106,106,0,0,0
CB,2020-03-16,71,71,0,0,0
CE,2020-03-16,6,1,1,0,4
CL,2020-03-16,779,678,100,1,0
CM,2020-03-16,809,239,3,1,566
CN,2020-03-16,132,116,0,0,16
CT,2020-03-16,1705,1539,0,9,157
EX,2020-03-16,117,94,23,0,0
GA,2020-03-16,389,383,3,0,3
IB,2020-03-16,88,84,1,0,3
MC,2020-03-16,130,98,32,0,0
MD,2020-03-16,2965,2958,0,0,7
ML,2020-03-16,6,2,2,1,1
NC,2020-03-16,270,152,118,0,0
PV,2020-03-16,599,577,0,0,22
RI,2020-03-16,157,154,3,0,0
VC,2020-03-16,633,569,54,0,10
AN,2020-03-17,574,538,36,0,0
AR,2020-03-17,157,156,0,1,0
AS,2020-03-17,80,80,0,0,0
CB,2020-03-17,76,76,0,0,0
CE,2020-03-17,5,0,1,0,4
CL,2020-03-17,730,655,74,1,0
CM,2020-03-17,744,198,5,2,539
CN,2020-03-17,93,90,0,0,3
CT,2020-03-17,1565,1475,0,8,82
EX,2020-03-17,107,95,12,0,0
GA,2020-03-17,327,323,3,0,1
IB,2020-03-17,82,79,3,0,0
MC,2020-03-17,103,79,24,0,0
MD,2020-03-17,2789,2786,0,0,3
ML,2020-03-17,3,3,0,0,0
NC,2020-03-17,267,169,98,0,0
PV,2020-03-17,539,519,0,0,20
RI,2020-03-17,122,117,5,0,0
VC,2020-03-17,558,508,39,0,11
AN,2020-03-18,530,493,37,0,0
AR,2020-03-18,165,165,0,0,0
AS,2020-03-18,91,91,0,0,0
CB,2020-03-18,89,89,0,0,0
CE,2020-03-18,6,0,2,0,4
CL,2020-03-18,815,732,83,0,0
CM,2020-03-18,791,216,4,1,570
CN,2020-03-18,117,109,0,0,8
CT,2020-03-18,1682,1580,0,7,95
EX,2020-03-18,127,105,21,0,1
GA,2020-03-18,309,306,1,0,2
IB,2020-03-18,81,80,1,0,0
MC,2020-03-18,122,91,30,0,1
MD,2020-03-18,2649,2638,0,0,11
ML,2020-03-18,6,5,0,0,1
NC,2020-03-18,247,173,74,0,0
PV,2020-03-18,553,544,0,0,9
RI,2020-03-18,143,142,1,0,0
VC,2020-03-18,534,480,43,0,11
AN,2020-03-19,556,522,34,0,0
AR,2020-03-19,166,166,0,0,0
AS,2020-03-19,101,101,0,0,0
CB,2020-03-19,177,177,0,0,0
CE,2020-03-19,5,0,2,0,3
CL,2020-03-19,866,799,67,0,0
CM,2020-03-19,745,242,3,2,498
CN,2020-03-19,78,70,0,0,8
CT,2020-03-19,1608,1522,0,5,81
EX,2020-03-19,126,103,23,0,0
GA,2020-03-19,294,290,4,0,0
IB,2020-03-19,105,102,2,0,1
MC,2020-03-19,120,80,40,0,0
MD,2020-03-19,2439,2430,0,0,9
ML,2020-03-19,6,3,1,0,2
NC,2020-03-19,232,152,80,0,0
PV,2020-03-19,465,448,0,0,17
RI,2020-03-19,168,167,1,0,0
VC,2020-03-19,495,456,33,0,6
AN,2020-03-20,795,748,47,0,0
AR,2020-03-20,236,236,0,0,0
AS,2020-03-20,83,83,0,0,0
CB,2020-03-20,143,143,0,0,0
CE,2020-03-20,7,0,1,0,6
CL,2020-03-20,954,829,125,0,0
CM,2020-03-20,936,310,8,6,612
CN,2020-03-20,117,111,0,0,6
CT,2020-03-20,1895,1789,0,7,99
EX,2020-03-20,173,140,33,0,0
GA,2020-03-20,470,462,4,0,4
IB,2020-03-20,97,95,2,0,0
MC,2020-03-20,122,86,36,0,0
MD,2020-03-20,3104,3099,1,0,4
ML,2020-03-20,4,4,0,0,0
NC,2020-03-20,322,223,98,0,1
PV,2020-03-20,612,582,0,0,30
RI,2020-03-20,191,190,1,0,0
VC,2020-03-20,572,509,59,0,4
AN,2020-03-21,544,517,26,0,1
AR,2020-03-21,177,177,0,0,0
AS,2020-03-21,68,68,0,0,0
CB,2020-03-21,99,99,0,0,0
CE,2020-03-21,7,0,1,0,6
CL,2020-03-21,765,696,69,0,0
CM,2020-03-21,623,199,5,1,418
CN,2020-03-21,86,77,0,0,9
CT,2020-03-21,1457,1386,0,8,63
EX,2020-03-21,131,111,20,0,0
GA,2020-03-21,276,272,1,0,3
IB,2020-03-21,62,61,1,0,0
MC,2020-03-21,83,67,15,0,1
MD,2020-03-21,1924,1920,1,0,3
ML,2020-03-21,3,1,0,0,2
NC,2020-03-21,205,151,54,0,0
PV,2020-03-21,433,423,0,0,10
RI,2020-03-21,133,133,0,0,0
VC,2020-03-21,452,412,32,0,8
AN,2020-03-22,523,489,34,0,0
AR,2020-03-22,164,164,0,0,0
AS,2020-03-22,75,75,0,0,0
CB,2020-03-22,84,84,0,0,0
CE,2020-03-22,7,0,0,0,7
CL,2020-03-22,707,631,76,0,0
CM,2020-03-22,663,178,12,0,473
CN,2020-03-22,75,73,0,0,2
CT,2020-03-22,1309,1235,0,0,74
EX,2020-03-22,131,116,15,0,0
GA,2020-03-22,250,249,1,0,0
IB,2020-03-22,91,90,0,0,1
MC,2020-03-22,79,64,15,0,0
MD,2020-03-22,1658,1646,1,0,11
ML,2020-03-22,5,4,0,0,1
NC,2020-03-22,194,141,53,0,0
PV,2020-03-22,393,383,0,0,10
RI,2020-03-22,108,108,0,0,0
VC,2020-03-22,397,362,30,0,5
AN,2020-03-23,562,535,27,0,0
AR,2020-03-23,266,266,0,0,0
AS,2020-03-23,70,70,0,0,0
CB,2020-03-23,87,87,0,0,0
CE,2020-03-23,9,0,6,0,3
CL,2020-03-23,769,664,105,0,0
CM,2020-03-23,756,248,13,1,494
CN,2020-03-23,97,91,0,0,6
CT,2020-03-23,1507,1404,0,11,92
EX,2020-03-23,245,209,36,0,0
GA,2020-03-23,383,377,4,0,2
IB,2020-03-23,82,79,3,0,0
MC,2020-03-23,128,100,28,0,0
MD,2020-03-23,2130,2125,0,0,5
ML,2020-03-23,5,4,0,0,1
NC,2020-03-23,235,154,81,0,0
PV,2020-03-23,483,460,0,0,23
RI,2020-03-23,158,155,3,0,0
VC,2020-03-23,485,431,51,0,3
AN,2020-03-24,492,463,29,0,0
AR,2020-03-24,191,191,0,0,0
AS,2020-03-24,58,58,0,0,0
CB,2020-03-24,57,57,0,0,0
CE,2020-03-24,8,0,0,0,8
CL,2020-03-24,664,556,106,1,1
CM,2020-03-24,647,249,17,1,380
CN,2020-03-24,63,59,0,0,4
CT,2020-03-24,1411,1333,0,1,77
EX,2020-03-24,160,137,23,0,0
GA,2020-03-24,295,291,1,0,3
IB,2020-03-24,66,65,1,0,0
MC,2020-03-24,78,61,17,0,0
MD,2020-03-24,1993,1986,1,0,6
ML,2020-03-24,1,1,0,0,0
NC,2020-03-24,274,194,80,0,0
PV,2020-03-24,396,377,0,0,19
RI,2020-03-24,118,118,0,0,0
VC,2020-03-24,339,305,27,0,7
AN,2020-03-25,522,487,34,0,1
AR,2020-03-25,187,186,0,0,1
AS,2020-03-25,57,57,0,0,0
CB,2020-03-25,57,57,0,0,0
CE,2020-03-25,9,1,2,0,6
CL,2020-03-25,694,597,97,0,0
CM,2020-03-25,665,241,20,3,401
CN,2020-03-25,55,54,0,0,1
CT,2020-03-25,1323,1250,0,3,70
EX,2020-03-25,153,121,32,0,0
GA,2020-03-25,288,283,4,0,1
IB,2020-03-25,84,80,3,0,1
MC,2020-03-25,84,65,17,0,2
MD,2020-03-25,1777,1776,0,0,1
ML,2020-03-25,4,3,1,0,0
NC,2020-03-25,242,182,60,0,0
PV,2020-03-25,409,389,0,0,20
RI,2020-03-25,133,132,1,0,0
VC,2020-03-25,411,359,42,0,10
AN,2020-03-26,471,434,36,1,0
AR,2020-03-26,165,165,0,0,0
AS,2020-03-26,77,77,0,0,0
CB,2020-03-26,39,39,0,0,0
CE,2020-03-26,5,1,1,0,3
CL,2020-03-26,555,477,78,0,0
CM,2020-03-26,587,240,16,2,329
CN,2020-03-26,62,60,0,0,2
CT,2020-03-26,1387,1320,0,1,66
EX,2020-03-26,138,120,18,0,0
GA,2020-03-26,300,295,4,0,1
IB,2020-03-26,73,68,5,0,0
MC,2020-03-26,47,36,11,0,0
MD,2020-03-26,1552,1549,0,0,3
ML,2020-03-26,6,5,1,0,0
NC,2020-03-26,166,116,50,0,0
PV,2020-03-26,365,351,0,0,14
RI,2020-03-26,114,112,2,0,0
VC,2020-03-26,309,271,33,0,5
AN,2020-03-27,423,392,31,0,0
AR,2020-03-27,211,211,0,0,0
AS,2020-03-27,70,70,0,0,0
CB,2020-03-27,74,74,0,0,0
CE,2020-03-27,2,0,1,0,1
CL,2020-03-27,524,456,68,0,0
CM,2020-03-27,507,196,14,5,292
CN,2020-03-27,71,69,0,0,2
CT,2020-03-27,1252,1193,0,5,54
EX,2020-03-27,109,91,18,0,0
GA,2020-03-27,306,301,3,0,2
IB,2020-03-27,40,37,2,0,1
MC,2020-03-27,52,36,14,0,2
MD,2020-03-27,1493,1490,0,0,3
ML,2020-03-27,5,3,0,0,2
NC,2020-03-27,158,112,46,0,0
PV,2020-03-27,397,386,0,0,11
RI,2020-03-27,129,126,2,0,1
VC,2020-03-27,333,294,27,0,12
AN,2020-03-28,324,296,28,0,0
AR,2020-03-28,146,146,0,0,0
AS,2020-03-28,53,53,0,0,0
CB,2020-03-28,68,68,0,0,0
CE,2020-03-28,5,0,0,0,5
CL,2020-03-28,523,461,62,0,0
CM,2020-03-28,410,166,25,1,218
CN,2020-03-28,36,35,0,0,1
CT,2020-03-28,1326,1260,0,5,61
EX,2020-03-28,96,72,24,0,0
GA,2020-03-28,336,333,1,0,2
IB,2020-03-28,36,32,4,0,0
MC,2020-03-28,40,29,11,0,0
MD,2020-03-28,1255,1253,0,0,2
ML,2020-03-28,4,3,1,0,0
NC,2020-03-28,138,106,32,0,0
PV,2020-03-28,290,279,0,0,11
RI,2020-03-28,100,100,0,0,0
VC,2020-03-28,245,217,19,0,9
AN,2020-03-29,340,319,21,0,0
AR,2020-03-29,137,137,0,0,0
AS,2020-03-29,40,40,0,0,0
CB,2020-03-29,39,39,0,0,0
CE,2020-03-29,7,0,0,0,7
CL,2020-03-29,423,387,36,0,0
CM,2020-03-29,372,171,20,0,181
CN,2020-03-29,42,42,0,0,0
CT,2020-03-29,1041,971,0,5,65
EX,2020-03-29,62,51,11,0,0
GA,2020-03-29,198,196,1,0,1
IB,2020-03-29,37,36,1,0,0
MC,2020-03-29,35,23,12,0,0
MD,2020-03-29,873,869,1,0,3
ML,2020-03-29,5,4,0,0,1
NC,2020-03-29,96,79,17,0,0
PV,2020-03-29,268,240,0,0,28
RI,2020-03-29,87,85,2,0,0
VC,2020-03-29,217,183,23,0,11
AN,2020-03-30,341,302,39,0,0
AR,2020-03-30,127,127,0,0,0
AS,2020-03-30,45,45,0,0,0
CB,2020-03-30,27,27,0,0,0
CE,2020-03-30,5,0,1,0,4
CL,2020-03-30,496,421,74,0,1
CM,2020-03-30,523,230,22,3,268
CN,2020-03-30,51,49,0,0,2
CT,2020-03-30,1202,1105,0,8,89
EX,2020-03-30,107,66,41,0,0
GA,2020-03-30,282,273,5,0,4
IB,2020-03-30,66,61,3,0,2
MC,2020-03-30,41,26,15,0,0
MD,2020-03-30,1086,1083,1,0,2
ML,2020-03-30,3,3,0,0,0
NC,2020-03-30,243,209,34,0,0
PV,2020-03-30,321,304,0,0,17
RI,2020-03-30,117,116,1,0,0
VC,2020-03-30,256,222,25,0,9
AN,2020-03-31,254,238,16,0,0
AR,2020-03-31,116,116,0,0,0
AS,2020-03-31,42,42,0,0,0
CB,2020-03-31,33,33,0,0,0
CE,2020-03-31,2,0,0,0,2
CL,2020-03-31,399,359,40,0,0
CM,2020-03-31,411,168,30,2,211
CN,2020-03-31,28,27,0,0,1
CT,2020-03-31,1131,1071,0,1,59
EX,2020-03-31,61,37,24,0,0
GA,2020-03-31,167,161,4,0,2
IB,2020-03-31,48,45,3,0,0
MC,2020-03-31,30,23,7,0,0
MD,2020-03-31,1076,1075,0,0,1
ML,2020-03-31,3,3,0,0,0
NC,2020-03-31,149,123,26,0,0
PV,2020-03-31,266,247,0,0,19
RI,2020-03-31,108,105,3,0,0
VC,2020-03-31,181,151,23,0,7
AN,2020-04-01,356,323,32,0,1
AR,2020-04-01,155,154,0,0,1
AS,2020-04-01,29,29,0,0,0
CB,2020-04-01,72,72,0,0,0
CE,2020-04-01,8,0,6,0,2
CL,2020-04-01,561,449,112,0,0
CM,2020-04-01,460,192,35,1,232
CN,2020-04-01,51,50,0,0,1
CT,2020-04-01,1281,1213,0,7,61
EX,2020-04-01,134,89,45,0,0
GA,2020-04-01,240,233,4,0,3
IB,2020-04-01,84,81,3,0,0
MC,2020-04-01,28,19,9,0,0
MD,2020-04-01,1347,1345,0,0,2
ML,2020-04-01,5,5,0,0,0
NC,2020-04-01,231,193,38,0,0
PV,2020-04-01,288,266,0,0,22
RI,2020-04-01,108,107,1,0,0
VC,2020-04-01,240,202,31,1,6
AN,2020-04-02,262,215,47,0,0
AR,2020-04-02,127,127,0,0,0
AS,2020-04-02,54,54,0,0,0
CB,2020-04-02,53,53,0,0,0
CE,2020-04-02,2,0,1,0,1
CL,2020-04-02,518,446,72,0,0
CM,2020-04-02,366,147,24,1,194
CN,2020-04-02,34,32,0,0,2
CT,2020-04-02,1061,1005,0,1,55
EX,2020-04-02,76,51,25,0,0
GA,2020-04-02,266,259,4,0,3
IB,2020-04-02,35,34,1,0,0
MC,2020-04-02,30,21,9,0,0
MD,2020-04-02,1002,1002,0,0,0
ML,2020-04-02,3,3,0,0,0
NC,2020-04-02,143,125,18,0,0
PV,2020-04-02,256,239,0,0,17
RI,2020-04-02,100,99,1,0,0
VC,2020-04-02,217,181,31,0,5
AN,2020-04-03,202,172,30,0,0
AR,2020-04-03,108,108,0,0,0
AS,2020-04-03,38,38,0,0,0
CB,2020-04-03,34,34,0,0,0
CE,2020-04-03,2,0,1,0,1
CL,2020-04-03,566,490,76,0,0
CM,2020-04-03,341,148,27,1,165
CN,2020-04-03,17,17,0,0,0
CT,2020-04-03,1209,1166,1,3,39
EX,2020-04-03,104,65,39,0,0
GA,2020-04-03,209,209,0,0,0
IB,2020-04-03,47,43,3,0,1
MC,2020-04-03,26,14,12,0,0
MD,2020-04-03,931,931,0,0,0
ML,2020-04-03,4,3,1,0,0
NC,2020-04-03,138,126,12,0,0
PV,2020-04-03,330,309,0,0,21
RI,2020-04-03,79,75,4,0,0
VC,2020-04-03,215,189,23,0,3
AN,2020-04-04,317,166,151,0,0
AR,2020-04-04,94,93,0,0,1
AS,2020-04-04,45,45,0,0,0
CB,2020-04-04,62,62,0,0,0
CE,2020-04-04,2,0,0,0,2
CL,2020-04-04,569,482,87,0,0
CM,2020-04-04,381,144,35,0,202
CN,2020-04-04,29,28,0,0,1
CT,2020-04-04,968,927,0,2,39
EX,2020-04-04,75,47,28,0,0
GA,2020-04-04,134,133,0,0,1
IB,2020-04-04,25,23,2,0,0
MC,2020-04-04,22,19,3,0,0
MD,2020-04-04,715,713,0,0,2
ML,2020-04-04,3,2,1,0,0
NC,2020-04-04,88,76,12,0,0
PV,2020-04-04,216,201,0,0,15
RI,2020-04-04,55,53,2,0,0
VC,2020-04-04,142,118,19,0,5
AN,2020-04-05,276,159,117,0,0
AR,2020-04-05,95,94,0,1,0
AS,2020-04-05,43,43,0,0,0
CB,2020-04-05,25,25,0,0,0
CE,2020-04-05,2,0,0,0,2
CL,2020-04-05,390,318,72,0,0
CM,2020-04-05,463,238,33,1,191
CN,2020-04-05,17,15,0,0,2
CT,2020-04-05,844,804,0,0,40
EX,2020-04-05,53,25,28,0,0
GA,2020-04-05,118,115,2,0,1
IB,2020-04-05,30,27,2,0,1
MC,2020-04-05,29,11,18,0,0
MD,2020-04-05,635,634,0,0,1
ML,2020-04-05,1,0,1,0,0
NC,2020-04-05,99,84,15,0,0
PV,2020-04-05,229,218,0,0,11
RI,2020-04-05,36,35,1,0,0
VC,2020-04-05,122,105,12,0,5
AN,2020-04-06,187,137,49,0,1
AR,2020-04-06,124,124,0,0,0
AS,2020-04-06,41,41,0,0,0
CB,2020-04-06,28,27,1,0,0
CE,2020-04-06,3,1,0,0,2
CL,2020-04-06,594,461,133,0,0
CM,2020-04-06,416,126,25,1,264
CN,2020-04-06,13,13,0,0,0
CT,2020-04-06,816,737,0,1,78
EX,2020-04-06,78,37,41,0,0
GA,2020-04-06,184,177,6,0,1
IB,2020-04-06,26,21,5,0,0
MC,2020-04-06,15,6,9,0,0
MD,2020-04-06,625,624,0,0,1
ML,2020-04-06,0,0,0,0,0
NC,2020-04-06,149,132,17,0,0
PV,2020-04-06,298,284,0,0,14
RI,2020-04-06,41,41,0,0,0
VC,2020-04-06,180,137,37,0,6
AN,2020-04-07,266,163,103,0,0
AR,2020-04-07,108,108,0,0,0
AS,2020-04-07,45,45,0,0,0
CB,2020-04-07,13,13,0,0,0
CE,2020-04-07,2,0,0,0,2
CL,2020-04-07,429,327,102,0,0
CM,2020-04-07,362,96,23,0,243
CN,2020-04-07,26,24,0,0,2
CT,2020-04-07,743,677,0,0,66
EX,2020-04-07,72,27,45,0,0
GA,2020-04-07,154,148,3,0,3
IB,2020-04-07,19,18,1,0,0
MC,2020-04-07,10,4,5,0,1
MD,2020-04-07,748,746,0,0,2
ML,2020-04-07,2,2,0,0,0
NC,2020-04-07,118,84,34,0,0
PV,2020-04-07,241,223,0,0,18
RI,2020-04-07,52,51,1,0,0
VC,2020-04-07,171,127,39,0,5
AN,2020-04-08,251,132,119,0,0
AR,2020-04-08,109,108,0,0,1
AS,2020-04-08,48,48,0,0,0
CB,2020-04-08,26,26,0,0,0
CE,2020-04-08,1,0,1,0,0
CL,2020-04-08,507,371,136,0,0
CM,2020-04-08,365,106,21,0,238
CN,2020-04-08,16,14,0,0,2
CT,2020-04-08,994,952,0,2,40
EX,2020-04-08,83,36,47,0,0
GA,2020-04-08,150,147,2,0,1
IB,2020-04-08,23,22,1,0,0
MC,2020-04-08,40,16,24,0,0
MD,2020-04-08,681,681,0,0,0
ML,2020-04-08,0,0,0,0,0
NC,2020-04-08,118,92,26,0,0
PV,2020-04-08,243,218,0,0,25
RI,2020-04-08,45,39,6,0,0
VC,2020-04-08,170,125,41,0,4
AN,2020-04-09,137,85,52,0,0
AR,2020-04-09,101,88,0,0,13
AS,2020-04-09,43,43,0,0,0
CB,2020-04-09,23,23,0,0,0
CE,2020-04-09,3,1,1,0,1
CL,2020-04-09,537,351,186,0,0
CM,2020-04-09,345,82,9,2,252
CN,2020-04-09,26,23,0,0,3
CT,2020-04-09,1048,1005,0,1,42
EX,2020-04-09,76,21,55,0,0
GA,2020-04-09,159,149,8,0,2
IB,2020-04-09,11,8,3,0,0
MC,2020-04-09,27,5,21,0,1
MD,2020-04-09,641,637,0,0,4
ML,2020-04-09,0,0,0,0,0
NC,2020-04-09,111,78,33,0,0
PV,2020-04-09,214,192,0,0,22
RI,2020-04-09,44,42,2,0,0
VC,2020-04-09,173,117,51,0,5
AN,2020-04-10,218,98,120,0,0
AR,2020-04-10,84,75,0,0,9
AS,2020-04-10,57,57,0,0,0
CB,2020-04-10,29,29,0,0,0
CE,2020-04-10,1,0,0,0,1
CL,2020-04-10,558,324,234,0,0
CM,2020-04-10,298,70,18,0,210
CN,2020-04-10,14,13,0,0,1
CT,2020-04-10,1008,962,0,1,45
EX,2020-04-10,98,39,59,0,0
GA,2020-04-10,80,71,9,0,0
IB,2020-04-10,21,17,4,0,0
MC,2020-04-10,12,5,7,0,0
MD,2020-04-10,709,707,0,0,2
ML,2020-04-10,1,1,0,0,0
NC,2020-04-10,106,69,37,0,0
PV,2020-04-10,199,176,0,0,23
RI,2020-04-10,40,39,1,0,0
VC,2020-04-10,141,95,45,0,1
AN,2020-04-11,162,94,68,0,0
AR,2020-04-11,63,57,0,0,6
AS,2020-04-11,53,53,0,0,0
CB,2020-04-11,24,24,0,0,0
CE,2020-04-11,2,0,2,0,0
CL,2020-04-11,481,310,171,0,0
CM,2020-04-11,155,59,13,0,83
CN,2020-04-11,14,14,0,0,0
CT,2020-04-11,1059,1029,0,1,29
EX,2020-04-11,71,27,44,0,0
GA,2020-04-11,66,63,2,0,1
IB,2020-04-11,15,14,1,0,0
MC,2020-04-11,12,5,7,0,0
MD,2020-04-11,575,574,1,0,0
ML,2020-04-11,0,0,0,0,0
NC,2020-04-11,84,45,39,0,0
PV,2020-04-11,140,124,0,0,16
RI,2020-04-11,25,23,2,0,0
VC,2020-04-11,133,78,50,0,5
AN,2020-04-12,129,81,48,0,0
AR,2020-04-12,53,50,0,0,3
AS,2020-04-12,23,23,0,0,0
CB,2020-04-12,46,46,0,0,0
CE,2020-04-12,0,0,0,0,0
CL,2020-04-12,326,159,167,0,0
CM,2020-04-12,225,72,6,0,147
CN,2020-04-12,8,8,0,0,0
CT,2020-04-12,666,645,0,0,21
EX,2020-04-12,47,21,26,0,0
GA,2020-04-12,66,62,3,0,1
IB,2020-04-12,15,15,0,0,0
MC,2020-04-12,11,4,4,0,3
MD,2020-04-12,500,499,0,0,1
ML,2020-04-12,1,1,0,0,0
NC,2020-04-12,90,59,31,0,0
PV,2020-04-12,153,142,0,0,11
RI,2020-04-12,22,22,0,0,0
VC,2020-04-12,83,67,14,0,2
AN,2020-04-13,111,70,40,1,0
AR,2020-04-13,83,71,0,0,12
AS,2020-04-13,32,32,0,0,0
CB,2020-04-13,35,35,0,0,0
CE,2020-04-13,2,0,1,0,1
CL,2020-04-13,511,234,277,0,0
CM,2020-04-13,327,106,10,1,210
CN,2020-04-13,13,12,0,0,1
CT,2020-04-13,596,548,0,2,46
EX,2020-04-13,68,24,44,0,0
GA,2020-04-13,110,103,7,0,0
IB,2020-04-13,15,10,4,0,1
MC,2020-04-13,7,1,6,0,0
MD,2020-04-13,382,379,0,0,3
ML,2020-04-13,1,1,0,0,0
NC,2020-04-13,86,55,31,0,0
PV,2020-04-13,130,109,0,0,21
RI,2020-04-13,29,25,4,0,0
VC,2020-04-13,99,63,31,0,5
AN,2020-04-14,209,57,152,0,0
AR,2020-04-14,52,44,0,0,8
AS,2020-04-14,30,30,0,0,0
CB,2020-04-14,14,14,0,0,0
CE,2020-04-14,0,0,0,0,0
CL,2020-04-14,460,200,260,0,0
CM,2020-04-14,233,67,17,0,149
CN,2020-04-14,13,12,0,0,1
CT,2020-04-14,720,691,0,1,28
EX,2020-04-14,87,28,59,0,0
GA,2020-04-14,100,64,34,0,2
IB,2020-04-14,10,8,2,0,0
MC,2020-04-14,7,5,2,0,0
MD,2020-04-14,497,493,0,0,4
ML,2020-04-14,0,0,0,0,0
NC,2020-04-14,100,48,52,0,0
PV,2020-04-14,104,89,0,0,15
RI,2020-04-14,24,24,0,0,0
VC,2020-04-14,98,63,29,0,6
AN,2020-04-15,216,90,126,0,0
AR,2020-04-15,76,61,0,0,15
AS,2020-04-15,40,40,0,0,0
CB,2020-04-15,17,17,0,0,0
CE,2020-04-15,0,0,0,0,0
CL,2020-04-15,342,174,168,0,0
CM,2020-04-15,180,77,6,0,97
CN,2020-04-15,15,15,0,0,0
CT,2020-04-15,745,721,0,1,23
EX,2020-04-15,97,25,72,0,0
GA,2020-04-15,199,97,100,0,2
IB,2020-04-15,9,5,4,0,0
MC,2020-04-15,9,5,3,0,1
MD,2020-04-15,502,501,0,0,1
ML,2020-04-15,0,0,0,0,0
NC,2020-04-15,74,31,43,0,0
PV,2020-04-15,109,99,0,0,10
RI,2020-04-15,16,14,2,0,0
VC,2020-04-15,151,72,75,0,4
AN,2020-04-16,175,50,125,0,0
AR,2020-04-16,63,55,0,0,8
AS,2020-04-16,12,12,0,0,0
CB,2020-04-16,18,18,0,0,0
CE,2020-04-16,1,1,0,0,0
CL,2020-04-16,297,142,155,0,0
CM,2020-04-16,127,33,10,0,84
CN,2020-04-16,15,14,0,0,1
CT,2020-04-16,712,698,0,0,14
EX,2020-04-16,69,23,45,1,0
GA,2020-04-16,108,69,36,0,3
IB,2020-04-16,14,14,0,0,0
MC,2020-04-16,2,1,1,0,0
MD,2020-04-16,597,596,0,0,1
ML,2020-04-16,0,0,0,0,0
NC,2020-04-16,60,29,31,0,0
PV,2020-04-16,128,108,0,0,20
RI,2020-04-16,29,28,1,0,0
VC,2020-04-16,130,52,75,0,3
AN,2020-04-17,141,63,78,0,0
AR,2020-04-17,70,54,0,0,16
AS,2020-04-17,12,12,0,0,0
CB,2020-04-17,27,26,0,0,1
CE,2020-04-17,1,0,1,0,0
CL,2020-04-17,204,144,60,0,0
CM,2020-04-17,145,24,14,0,107
CN,2020-04-17,8,8,0,0,0
CT,2020-04-17,607,580,0,0,27
EX,2020-04-17,101,28,73,0,0
GA,2020-04-17,98,52,43,0,3
IB,2020-04-17,11,7,3,0,1
MC,2020-04-17,6,3,3,0,0
MD,2020-04-17,389,389,0,0,0
ML,2020-04-17,0,0,0,0,0
NC,2020-04-17,86,44,42,0,0
PV,2020-04-17,150,132,0,0,18
RI,2020-04-17,25,23,2,0,0
VC,2020-04-17,157,82,72,0,3
AN,2020-04-18,135,41,94,0,0
AR,2020-04-18,57,55,0,0,2
AS,2020-04-18,9,9,0,0,0
CB,2020-04-18,13,13,0,0,0
CE,2020-04-18,1,0,1,0,0
CL,2020-04-18,171,94,76,1,0
CM,2020-04-18,97,32,6,0,59
CN,2020-04-18,9,9,0,0,0
CT,2020-04-18,451,427,0,0,24
EX,2020-04-18,90,18,72,0,0
GA,2020-04-18,107,62,45,0,0
IB,2020-04-18,14,12,2,0,0
MC,2020-04-18,5,0,5,0,0
MD,2020-04-18,467,467,0,0,0
ML,2020-04-18,0,0,0,0,0
NC,2020-04-18,64,38,26,0,0
PV,2020-04-18,108,97,0,0,11
RI,2020-04-18,17,17,0,0,0
VC,2020-04-18,198,51,142,0,5
AN,2020-04-19,74,28,46,0,0
AR,2020-04-19,43,34,0,0,9
AS,2020-04-19,6,6,0,0,0
CB,2020-04-19,15,15,0,0,0
CE,2020-04-19,0,0,0,0,0
CL,2020-04-19,217,136,81,0,0
CM,2020-04-19,106,34,1,0,71
CN,2020-04-19,15,15,0,0,0
CT,2020-04-19,264,255,0,0,9
EX,2020-04-19,48,11,36,1,0
GA,2020-04-19,57,47,10,0,0
IB,2020-04-19,10,8,2,0,0
MC,2020-04-19,4,3,1,0,0
MD,2020-04-19,265,264,0,0,1
ML,2020-04-19,0,0,0,0,0
NC,2020-04-19,46,35,11,0,0
PV,2020-04-19,54,50,0,0,4
RI,2020-04-19,14,14,0,0,0
VC,2020-04-19,71,25,45,0,1
AN,2020-04-20,77,37,40,0,0
AR,2020-04-20,49,34,0,0,15
AS,2020-04-20,7,7,0,0,0
CB,2020-04-20,24,24,0,0,0
CE,2020-04-20,1,1,0,0,0
CL,2020-04-20,260,195,64,1,0
CM,2020-04-20,142,53,3,0,86
CN,2020-04-20,16,15,0,0,1
CT,2020-04-20,365,337,0,1,27
EX,2020-04-20,49,31,18,0,0
GA,2020-04-20,89,62,23,0,4
IB,2020-04-20,18,14,3,0,1
MC,2020-04-20,2,1,1,0,0
MD,2020-04-20,280,280,0,0,0
ML,2020-04-20,2,2,0,0,0
NC,2020-04-20,61,29,32,0,0
PV,2020-04-20,82,78,0,0,4
RI,2020-04-20,9,9,0,0,0
VC,2020-04-20,71,34,34,0,3
AN,2020-04-21,154,38,116,0,0
AR,2020-04-21,132,37,0,0,95
AS,2020-04-21,16,16,0,0,0
CB,2020-04-21,10,10,0,0,0
CE,2020-04-21,2,0,2,0,0
CL,2020-04-21,278,119,159,0,0
CM,2020-04-21,147,34,4,0,109
CN,2020-04-21,7,7,0,0,0
CT,2020-04-21,199,179,0,1,19
EX,2020-04-21,69,16,53,0,0
GA,2020-04-21,98,43,48,0,7
IB,2020-04-21,11,7,4,0,0
MC,2020-04-21,7,2,5,0,0
MD,2020-04-21,476,476,0,0,0
ML,2020-04-21,0,0,0,0,0
NC,2020-04-21,30,11,19,0,0
PV,2020-04-21,78,70,0,0,8
RI,2020-04-21,6,4,2,0,0
VC,2020-04-21,178,50,123,0,5
AN,2020-04-22,134,27,107,0,0
AR,2020-04-22,100,57,0,0,43
AS,2020-04-22,8,8,0,0,0
CB,2020-04-22,26,26,0,0,0
CE,2020-04-22,3,1,2,0,0
CL,2020-04-22,255,163,92,0,0
CM,2020-04-22,149,23,5,0,121
CN,2020-04-22,7,7,0,0,0
CT,2020-04-22,322,301,0,1,20
EX,2020-04-22,85,27,58,0,0
GA,2020-04-22,134,48,75,0,11
IB,2020-04-22,8,5,2,0,1
MC,2020-04-22,8,3,5,0,0
MD,2020-04-22,457,456,0,0,1
ML,2020-04-22,1,1,0,0,0
NC,2020-04-22,53,21,32,0,0
PV,2020-04-22,65,49,0,0,16
RI,2020-04-22,15,14,1,0,0
VC,2020-04-22,156,35,120,0,1
AN,2020-04-23,168,35,133,0,0
AR,2020-04-23,28,22,0,0,6
AS,2020-04-23,9,9,0,0,0
CB,2020-04-23,26,26,0,0,0
CE,2020-04-23,3,0,3,0,0
CL,2020-04-23,212,79,132,0,1
CM,2020-04-23,88,22,2,0,64
CN,2020-04-23,5,3,0,0,2
CT,2020-04-23,272,258,0,0,14
EX,2020-04-23,84,14,70,0,0
GA,2020-04-23,124,56,60,0,8
IB,2020-04-23,5,5,0,0,0
MC,2020-04-23,12,3,9,0,0
MD,2020-04-23,368,368,0,0,0
ML,2020-04-23,0,0,0,0,0
NC,2020-04-23,56,19,37,0,0
PV,2020-04-23,66,58,0,0,8
RI,2020-04-23,13,13,0,0,0
VC,2020-04-23,191,43,142,0,6
AN,2020-04-24,169,45,124,0,0
AR,2020-04-24,25,20,0,1,4
AS,2020-04-24,17,17,0,0,0
CB,2020-04-24,13,13,0,0,0
CE,2020-04-24,1,0,1,0,0
CL,2020-04-24,292,138,154,0,0
CM,2020-04-24,56,15,0,1,40
CN,2020-04-24,11,10,0,0,1
CT,2020-04-24,271,245,0,1,25
EX,2020-04-24,112,16,96,0,0
GA,2020-04-24,124,38,79,0,7
IB,2020-04-24,9,8,1,0,0
MC,2020-04-24,6,0,6,0,0
MD,2020-04-24,238,237,0,0,1
ML,2020-04-24,1,1,0,0,0
NC,2020-04-24,62,21,41,0,0
PV,2020-04-24,97,85,0,0,12
RI,2020-04-24,4,3,1,0,0
VC,2020-04-24,230,40,187,0,3
AN,2020-04-25,57,24,33,0,0
AR,2020-04-25,33,19,0,0,14
AS,2020-04-25,3,3,0,0,0
CB,2020-04-25,12,12,0,0,0
CE,2020-04-25,1,1,0,0,0
CL,2020-04-25,139,87,52,0,0
CM,2020-04-25,52,14,2,0,36
CN,2020-04-25,4,4,0,0,0
CT,2020-04-25,173,162,0,1,10
EX,2020-04-25,87,23,64,0,0
GA,2020-04-25,36,25,10,0,1
IB,2020-04-25,11,10,1,0,0
MC,2020-04-25,3,2,1,0,0
MD,2020-04-25,131,131,0,0,0
ML,2020-04-25,1,1,0,0,0
NC,2020-04-25,39,21,18,0,0
PV,2020-04-25,47,38,0,0,9
RI,2020-04-25,5,5,0,0,0
VC,2020-04-25,106,38,66,0,2
AN,2020-04-26,36,15,21,0,0
AR,2020-04-26,21,16,0,0,5
AS,2020-04-26,5,5,0,0,0
CB,2020-04-26,4,4,0,0,0
CE,2020-04-26,0,0,0,0,0
CL,2020-04-26,108,41,67,0,0
CM,2020-04-26,95,17,4,0,74
CN,2020-04-26,2,2,0,0,0
CT,2020-04-26,138,132,0,0,6
EX,2020-04-26,24,12,12,0,0
GA,2020-04-26,26,16,8,0,2
IB,2020-04-26,0,0,0,0,0
MC,2020-04-26,6,3,3,0,0
MD,2020-04-26,124,124,0,0,0
ML,2020-04-26,0,0,0,0,0
NC,2020-04-26,11,7,4,0,0
PV,2020-04-26,42,31,0,0,11
RI,2020-04-26,4,2,2,0,0
VC,2020-04-26,38,19,18,0,1
AN,2020-04-27,45,15,29,1,0
AR,2020-04-27,65,24,0,0,41
AS,2020-04-27,5,5,0,0,0
CB,2020-04-27,2,2,0,0,0
CE,2020-04-27,1,1,0,0,0
CL,2020-04-27,132,44,88,0,0
CM,2020-04-27,104,24,1,0,79
CN,2020-04-27,3,3,0,0,0
CT,2020-04-27,143,123,0,0,20
EX,2020-04-27,20,10,10,0,0
GA,2020-04-27,57,28,24,0,5
IB,2020-04-27,3,3,0,0,0
MC,2020-04-27,1,0,1,0,0
MD,2020-04-27,183,183,0,0,0
ML,2020-04-27,0,0,0,0,0
NC,2020-04-27,23,20,3,0,0
PV,2020-04-27,30,28,0,0,2
RI,2020-04-27,4,4,0,0,0
VC,2020-04-27,51,20,30,0,1
AN,2020-04-28,130,18,112,0,0
AR,2020-04-28,126,28,0,1,97
AS,2020-04-28,10,10,0,0,0
CB,2020-04-28,5,5,0,0,0
CE,2020-04-28,2,1,1,0,0
CL,2020-04-28,323,64,259,0,0
CM,2020-04-28,92,17,1,0,74
CN,2020-04-28,4,1,0,0,3
CT,2020-04-28,158,151,0,0,7
EX,2020-04-28,26,5,21,0,0
GA,2020-04-28,80,20,51,0,9
IB,2020-04-28,5,4,0,0,1
MC,2020-04-28,16,0,16,0,0
MD,2020-04-28,230,230,0,0,0
ML,2020-04-28,0,0,0,0,0
NC,2020-04-28,32,13,19,0,0
PV,2020-04-28,49,38,0,0,11
RI,2020-04-28,10,10,0,0,0
VC,2020-04-28,120,37,82,0,1
AN,2020-04-29,162,32,130,0,0
AR,2020-04-29,38,22,0,0,16
AS,2020-04-29,3,3,0,0,0
CB,2020-04-29,4,4,0,0,0
CE,2020-04-29,4,4,0,0,0
CL,2020-04-29,244,47,197,0,0
CM,2020-04-29,69,8,2,2,57
CN,2020-04-29,4,3,0,0,1
CT,2020-04-29,150,138,0,0,12
EX,2020-04-29,59,15,44,0,0
GA,2020-04-29,113,43,69,0,1
IB,2020-04-29,3,2,1,0,0
MC,2020-04-29,10,2,8,0,0
MD,2020-04-29,213,213,0,0,0
ML,2020-04-29,1,1,0,0,0
NC,2020-04-29,49,17,32,0,0
PV,2020-04-29,39,31,0,0,8
RI,2020-04-29,5,5,0,0,0
VC,2020-04-29,138,34,103,0,1
AN,2020-04-30,119,21,97,1,0
AR,2020-04-30,38,25,0,0,13
AS,2020-04-30,10,10,0,0,0
CB,2020-04-30,12,12,0,0,0
CE,2020-04-30,0,0,0,0,0
CL,2020-04-30,235,67,168,0,0
CM,2020-04-30,74,8,0,0,66
CN,2020-04-30,4,4,0,0,0
CT,2020-04-30,188,175,0,1,12
EX,2020-04-30,86,13,73,0,0
GA,2020-04-30,96,24,58,0,14
IB,2020-04-30,5,5,0,0,0
MC,2020-04-30,25,1,24,0,0
MD,2020-04-30,173,173,0,0,0
ML,2020-04-30,1,1,0,0,0
NC,2020-04-30,56,15,41,0,0
PV,2020-04-30,33,26,0,0,7
RI,2020-04-30,2,2,0,0,0
VC,2020-04-30,114,19,94,0,1
AN,2020-05-01,100,16,84,0,0
AR,2020-05-01,15,15,0,0,0
AS,2020-05-01,2,2,0,0,0
CB,2020-05-01,16,16,0,0,0
CE,2020-05-01,1,1,0,0,0
CL,2020-05-01,336,53,281,2,0
CM,2020-05-01,20,8,3,0,9
CN,2020-05-01,9,9,0,0,0
CT,2020-05-01,161,151,0,1,9
EX,2020-05-01,97,23,74,0,0
GA,2020-05-01,108,19,80,0,9
IB,2020-05-01,10,8,2,0,0
MC,2020-05-01,8,1,7,0,0
MD,2020-05-01,192,192,0,0,0
ML,2020-05-01,0,0,0,0,0
NC,2020-05-01,72,21,51,0,0
PV,2020-05-01,40,31,0,0,9
RI,2020-05-01,1,1,0,0,0
VC,2020-05-01,94,23,70,1,0
AN,2020-05-02,95,15,80,0,0
AR,2020-05-02,20,16,0,1,3
AS,2020-05-02,3,3,0,0,0
CB,2020-05-02,0,0,0,0,0
CE,2020-05-02,2,2,0,0,0
CL,2020-05-02,344,58,286,0,0
CM,2020-05-02,17,7,4,0,6
CN,2020-05-02,5,5,0,0,0
CT,2020-05-02,153,148,0,0,5
EX,2020-05-02,58,13,45,0,0
GA,2020-05-02,84,23,46,0,15
IB,2020-05-02,3,1,2,0,0
MC,2020-05-02,17,1,16,0,0
MD,2020-05-02,165,165,0,0,0
ML,2020-05-02,0,0,0,0,0
NC,2020-05-02,70,16,54,0,0
PV,2020-05-02,50,41,0,0,9
RI,2020-05-02,2,1,1,0,0
VC,2020-05-02,110,31,76,0,3
AN,2020-05-03,27,8,19,0,0
AR,2020-05-03,17,15,0,2,0
AS,2020-05-03,3,3,0,0,0
CB,2020-05-03,3,3,0,0,0
CE,2020-05-03,0,0,0,0,0
CL,2020-05-03,113,58,55,0,0
CM,2020-05-03,47,5,2,0,40
CN,2020-05-03,0,0,0,0,0
CT,2020-05-03,138,129,0,0,9
EX,2020-05-03,11,5,6,0,0
GA,2020-05-03,45,9,36,0,0
IB,2020-05-03,4,3,1,0,0
MC,2020-05-03,4,1,3,0,0
MD,2020-05-03,71,71,0,0,0
ML,2020-05-03,0,0,0,0,0
NC,2020-05-03,21,8,13,0,0
PV,2020-05-03,35,28,0,0,7
RI,2020-05-03,2,2,0,0,0
VC,2020-05-03,45,14,29,0,2
AN,2020-05-04,49,18,31,0,0
AR,2020-05-04,29,29,0,0,0
AS,2020-05-04,4,4,0,0,0
CB,2020-05-04,1,1,0,0,0
CE,2020-05-04,0,0,0,0,0
CL,2020-05-04,92,28,64,0,0
CM,2020-05-04,21,15,1,3,2
CN,2020-05-04,3,3,0,0,0
CT,2020-05-04,114,107,0,1,6
EX,2020-05-04,20,12,8,0,0
GA,2020-05-04,75,13,49,0,13
IB,2020-05-04,1,1,0,0,0
MC,2020-05-04,2,1,1,0,0
MD,2020-05-04,95,95,0,0,0
ML,2020-05-04,0,0,0,0,0
NC,2020-05-04,18,11,7,0,0
PV,2020-05-04,18,13,0,0,5
RI,2020-05-04,2,2,0,0,0
VC,2020-05-04,28,6,21,0,1
AN,2020-05-05,73,12,61,0,0
AR,2020-05-05,42,6,0,0,36
AS,2020-05-05,4,4,0,0,0
CB,2020-05-05,6,6,0,0,0
CE,2020-05-05,0,0,0,0,0
CL,2020-05-05,43,13,30,0,0
CM,2020-05-05,12,12,0,0,0
CN,2020-05-05,2,2,0,0,0
CT,2020-05-05,64,52,0,5,7
EX,2020-05-05,41,1,40,0,0
GA,2020-05-05,133,7,107,0,19
IB,2020-05-05,4,4,0,0,0
MC,2020-05-05,2,1,1,0,0
MD,2020-05-05,57,56,0,0,1
ML,2020-05-05,0,0,0,0,0
NC,2020-05-05,4,4,0,0,0
PV,2020-05-05,21,19,0,0,2
RI,2020-05-05,0,0,0,0,0
VC,2020-05-05,20,12,8,0,0
AN,2020-05-06,25,2,23,0,0
AR,2020-05-06,44,6,0,2,36
AS,2020-05-06,4,4,0,0,0
CB,2020-05-06,0,0,0,0,0
CE,2020-05-06,1,1,0,0,0
CL,2020-05-06,27,12,15,0,0
CM,2020-05-06,10,10,0,0,0
CN,2020-05-06,0,0,0,0,0
CT,2020-05-06,51,42,0,1,8
EX,2020-05-06,36,5,31,0,0
GA,2020-05-06,60,15,39,1,5
IB,2020-05-06,4,4,0,0,0
MC,2020-05-06,2,2,0,0,0
MD,2020-05-06,49,49,0,0,0
ML,2020-05-06,0,0,0,0,0
NC,2020-05-06,7,5,2,0,0
PV,2020-05-06,24,13,0,0,11
RI,2020-05-06,0,0,0,0,0
VC,2020-05-06,15,12,2,0,1
AN,2020-05-07,24,2,21,1,0
AR,2020-05-07,13,13,0,0,0
AS,2020-05-07,3,3,0,0,0
CB,2020-05-07,0,0,0,0,0
CE,2020-05-07,1,1,0,0,0
CL,2020-05-07,30,21,9,0,0
CM,2020-05-07,14,13,0,1,0
CN,2020-05-07,1,1,0,0,0
CT,2020-05-07,60,57,0,0,3
EX,2020-05-07,50,2,48,0,0
GA,2020-05-07,50,10,30,0,10
IB,2020-05-07,2,2,0,0,0
MC,2020-05-07,2,2,0,0,0
MD,2020-05-07,64,63,1,0,0
ML,2020-05-07,0,0,0,0,0
NC,2020-05-07,0,0,0,0,0
PV,2020-05-07,23,12,0,0,11
RI,2020-05-07,1,1,0,0,0
VC,2020-05-07,13,4,9,0,0
AN,2020-05-08,17,8,9,0,0
AR,2020-05-08,12,11,0,0,1
AS,2020-05-08,3,3,0,0,0
CB,2020-05-08,2,2,0,0,0
CE,2020-05-08,0,0,0,0,0
CL,2020-05-08,30,17,13,0,0
CM,2020-05-08,7,7,0,0,0
CN,2020-05-08,1,1,0,0,0
CT,2020-05-08,68,62,0,2,4
EX,2020-05-08,33,3,29,1,0
GA,2020-05-08,43,7,28,0,8
IB,2020-05-08,4,4,0,0,0
MC,2020-05-08,1,1,0,0,0
MD,2020-05-08,88,88,0,0,0
ML,2020-05-08,0,0,0,0,0
NC,2020-05-08,1,1,0,0,0
PV,2020-05-08,26,18,0,0,8
RI,2020-05-08,1,1,0,0,0
VC,2020-05-08,12,5,7,0,0
AN,2020-05-09,12,2,10,0,0
AR,2020-05-09,6,6,0,0,0
AS,2020-05-09,2,2,0,0,0
CB,2020-05-09,1,1,0,0,0
CE,2020-05-09,0,0,0,0,0
CL,2020-05-09,14,9,4,1,0
CM,2020-05-09,10,10,0,0,0
CN,2020-05-09,2,2,0,0,0
CT,2020-05-09,54,48,0,1,5
EX,2020-05-09,52,2,50,0,0
GA,2020-05-09,19,8,9,0,2
IB,2020-05-09,0,0,0,0,0
MC,2020-05-09,1,1,0,0,0
MD,2020-05-09,62,62,0,0,0
ML,2020-05-09,0,0,0,0,0
NC,2020-05-09,1,0,1,0,0
PV,2020-05-09,20,13,0,0,7
RI,2020-05-09,0,0,0,0,0
VC,2020-05-09,8,7,1,0,0
AN,2020-05-10,5,5,0,0,0
AR,2020-05-10,7,7,0,0,0
AS,2020-05-10,1,1,0,0,0
CB,2020-05-10,2,1,1,0,0
CE,2020-05-10,0,0,0,0,0
CL,2020-05-10,12,10,2,0,0
CM,2020-05-10,12,11,1,0,0
CN,2020-05-10,1,1,0,0,0
CT,2020-05-10,78,75,0,0,3
EX,2020-05-10,5,3,2,0,0
GA,2020-05-10,10,7,3,0,0
IB,2020-05-10,7,6,1,0,0
MC,2020-05-10,1,1,0,0,0
MD,2020-05-10,89,89,0,0,0
ML,2020-05-10,0,0,0,0,0
NC,2020-05-10,1,0,1,0,0
PV,2020-05-10,10,6,0,0,4
RI,2020-05-10,1,1,0,0,0
VC,2020-05-10,8,8,0,0,0
AN,2020-05-11,22,18,4,0,0
AR,2020-05-11,9,8,0,1,0
AS,2020-05-11,5,5,0,0,0
CB,2020-05-11,7,6,1,0,0
CE,2020-05-11,1,1,0,0,0
CL,2020-05-11,27,26,1,0,0
CM,2020-05-11,31,27,0,4,0
CN,2020-05-11,2,2,0,0,0
CT,2020-05-11,110,83,0,27,0
EX,2020-05-11,9,5,4,0,0
GA,2020-05-11,11,9,0,0,2
IB,2020-05-11,8,8,0,0,0
MC,2020-05-11,2,2,0,0,0
MD,2020-05-11,154,153,0,1,0
ML,2020-05-11,0,0,0,0,0
NC,2020-05-11,12,12,0,0,0
PV,2020-05-11,24,23,0,0,1
RI,2020-05-11,4,3,0,1,0
VC,2020-05-11,21,21,0,0,0
AN,2020-05-12,22,20,2,0,0
AR,2020-05-12,14,14,0,0,0
AS,2020-05-12,0,0,0,0,0
CB,2020-05-12,7,6,1,0,0
CE,2020-05-12,2,2,0,0,0
CL,2020-05-12,34,30,2,2,0
CM,2020-05-12,31,28,0,3,0
CN,2020-05-12,4,4,0,0,0
CT,2020-05-12,129,101,0,27,1
EX,2020-05-12,38,7,30,1,0
GA,2020-05-12,16,15,0,1,0
IB,2020-05-12,7,7,0,0,0
MC,2020-05-12,3,3,0,0,0
MD,2020-05-12,172,172,0,0,0
ML,2020-05-12,0,0,0,0,0
NC,2020-05-12,2,2,0,0,0
PV,2020-05-12,22,18,0,0,4
RI,2020-05-12,3,3,0,0,0
VC,2020-05-12,18,18,0,0,0
AN,2020-05-13,16,14,2,0,0
AR,2020-05-13,25,25,0,0,0
AS,2020-05-13,2,2,0,0,0
CB,2020-05-13,2,2,0,0,0
CE,2020-05-13,0,0,0,0,0
CL,2020-05-13,57,55,1,1,0
CM,2020-05-13,40,36,0,4,0
CN,2020-05-13,5,5,0,0,0
CT,2020-05-13,147,116,0,31,0
EX,2020-05-13,38,6,31,1,0
GA,2020-05-13,9,9,0,0,0
IB,2020-05-13,10,10,0,0,0
MC,2020-05-13,5,5,0,0,0
MD,2020-05-13,118,117,0,0,1
ML,2020-05-13,0,0,0,0,0
NC,2020-05-13,9,9,0,0,0
PV,2020-05-13,26,23,0,0,3
RI,2020-05-13,5,4,0,1,0
VC,2020-05-13,12,12,0,0,0
AN,2020-05-14,13,9,4,0,0
AR,2020-05-14,25,25,0,0,0
AS,2020-05-14,2,2,0,0,0
CB,2020-05-14,2,2,0,0,0
CE,2020-05-14,0,0,0,0,0
CL,2020-05-14,39,38,0,1,0
CM,2020-05-14,31,29,0,2,0
CN,2020-05-14,1,1,0,0,0
CT,2020-05-14,148,102,0,46,0
EX,2020-05-14,23,1,22,0,0
GA,2020-05-14,7,6,1,0,0
IB,2020-05-14,7,7,0,0,0
MC,2020-05-14,2,2,0,0,0
MD,2020-05-14,128,128,0,0,0
ML,2020-05-14,0,0,0,0,0
NC,2020-05-14,19,19,0,0,0
PV,2020-05-14,16,12,0,0,4
RI,2020-05-14,4,4,0,0,0
VC,2020-05-14,19,19,0,0,0
AN,2020-05-15,16,13,3,0,0
AR,2020-05-15,17,17,0,0,0
AS,2020-05-15,4,4,0,0,0
CB,2020-05-15,2,2,0,0,0
CE,2020-05-15,0,0,0,0,0
CL,2020-05-15,35,33,0,2,0
CM,2020-05-15,40,38,0,2,0
CN,2020-05-15,3,3,0,0,0
CT,2020-05-15,203,162,0,41,0
EX,2020-05-15,24,2,22,0,0
GA,2020-05-15,8,7,0,1,0
IB,2020-05-15,16,15,1,0,0
MC,2020-05-15,0,0,0,0,0
MD,2020-05-15,109,109,0,0,0
ML,2020-05-15,0,0,0,0,0
NC,2020-05-15,11,11,0,0,0
PV,2020-05-15,14,11,0,0,3
RI,2020-05-15,3,1,0,2,0
VC,2020-05-15,13,13,0,0,0
AN,2020-05-16,9,3,5,1,0
AR,2020-05-16,9,9,0,0,0
AS,2020-05-16,1,1,0,0,0
CB,2020-05-16,4,4,0,0,0
CE,2020-05-16,1,1,0,0,0
CL,2020-05-16,30,28,1,1,0
CM,2020-05-16,28,26,0,2,0
CN,2020-05-16,5,5,0,0,0
CT,2020-05-16,116,114,0,2,0
EX,2020-05-16,21,1,20,0,0
GA,2020-05-16,3,3,0,0,0
IB,2020-05-16,0,0,0,0,0
MC,2020-05-16,1,1,0,0,0
MD,2020-05-16,69,69,0,0,0
ML,2020-05-16,0,0,0,0,0
NC,2020-05-16,4,4,0,0,0
PV,2020-05-16,17,8,0,0,9
RI,2020-05-16,2,2,0,0,0
VC,2020-05-16,8,8,0,0,0
AN,2020-05-17,5,4,1,0,0
AR,2020-05-17,10,10,0,0,0
AS,2020-05-17,4,4,0,0,0
CB,2020-05-17,0,0,0,0,0
CE,2020-05-17,0,0,0,0,0
CL,2020-05-17,5,5,0,0,0
CM,2020-05-17,14,10,0,4,0
CN,2020-05-17,1,1,0,0,0
CT,2020-05-17,83,83,0,0,0
EX,2020-05-17,5,2,3,0,0
GA,2020-05-17,2,2,0,0,0
IB,2020-05-17,5,5,0,0,0
MC,2020-05-17,1,1,0,0,0
MD,2020-05-17,76,76,0,0,0
ML,2020-05-17,0,0,0,0,0
NC,2020-05-17,21,21,0,0,0
PV,2020-05-17,6,6,0,0,0
RI,2020-05-17,0,0,0,0,0
VC,2020-05-17,7,7,0,0,0
AN,2020-05-18,11,11,0,0,0
AR,2020-05-18,15,15,0,0,0
AS,2020-05-18,0,0,0,0,0
CB,2020-05-18,2,2,0,0,0
CE,2020-05-18,2,2,0,0,0
CL,2020-05-18,32,32,0,0,0
CM,2020-05-18,29,24,0,5,0
CN,2020-05-18,3,3,0,0,0
CT,2020-05-18,187,153,0,33,1
EX,2020-05-18,4,3,1,0,0
GA,2020-05-18,7,7,0,0,0
IB,2020-05-18,5,5,0,0,0
MC,2020-05-18,2,2,0,0,0
MD,2020-05-18,125,125,0,0,0
ML,2020-05-18,1,1,0,0,0
NC,2020-05-18,6,6,0,0,0
PV,2020-05-18,16,13,0,0,3
RI,2020-05-18,5,5,0,0,0
VC,2020-05-18,10,10,0,0,0
AN,2020-05-19,11,11,0,0,0
AR,2020-05-19,21,21,0,0,0
AS,2020-05-19,0,0,0,0,0
CB,2020-05-19,2,2,0,0,0
CE,2020-05-19,3,3,0,0,0
CL,2020-05-19,35,34,1,0,0
CM,2020-05-19,33,28,0,5,0
CN,2020-05-19,9,9,0,0,0
CT,2020-05-19,201,152,0,49,0
EX,2020-05-19,11,2,9,0,0
GA,2020-05-19,7,7,0,0,0
IB,2020-05-19,12,12,0,0,0
MC,2020-05-19,2,2,0,0,0
MD,2020-05-19,116,116,0,0,0
ML,2020-05-19,0,0,0,0,0
NC,2020-05-19,9,9,0,0,0
PV,2020-05-19,11,11,0,0,0
RI,2020-05-19,5,5,0,0,0
VC,2020-05-19,13,13,0,0,0
AN,2020-05-20,12,12,0,0,0
AR,2020-05-20,12,11,0,1,0
AS,2020-05-20,1,1,0,0,0
CB,2020-05-20,0,0,0,0,0
CE,2020-05-20,1,1,0,0,0
CL,2020-05-20,27,26,0,1,0
CM,2020-05-20,29,29,0,0,0
CN,2020-05-20,4,4,0,0,0
CT,2020-05-20,172,119,0,52,1
EX,2020-05-20,14,3,11,0,0
GA,2020-05-20,6,6,0,0,0
IB,2020-05-20,6,6,0,0,0
MC,2020-05-20,0,0,0,0,0
MD,2020-05-20,96,96,0,0,0
ML,2020-05-20,0,0,0,0,0
NC,2020-05-20,4,4,0,0,0
PV,2020-05-20,10,8,0,0,2
RI,2020-05-20,4,4,0,0,0
VC,2020-05-20,14,14,0,0,0
AN,2020-05-21,9,9,0,0,0
AR,2020-05-21,12,12,0,0,0
AS,2020-05-21,1,1,0,0,0
CB,2020-05-21,3,3,0,0,0
CE,2020-05-21,1,1,0,0,0
CL,2020-05-21,39,38,0,1,0
CM,2020-05-21,20,18,0,2,0
CN,2020-05-21,5,5,0,0,0
CT,2020-05-21,204,138,0,66,0
EX,2020-05-21,9,2,7,0,0
GA,2020-05-21,12,12,0,0,0
IB,2020-05-21,5,5,0,0,0
MC,2020-05-21,1,1,0,0,0
MD,2020-05-21,83,83,0,0,0
ML,2020-05-21,0,0,0,0,0
NC,2020-05-21,3,3,0,0,0
PV,2020-05-21,11,9,0,0,2
RI,2020-05-21,4,3,0,1,0
VC,2020-05-21,7,7,0,0,0
AN,2020-05-22,6,5,1,0,0
AR,2020-05-22,14,14,0,0,0
AS,2020-05-22,1,1,0,0,0
CB,2020-05-22,1,1,0,0,0
CE,2020-05-22,0,0,0,0,0
CL,2020-05-22,40,39,1,0,0
CM,2020-05-22,42,38,0,4,0
CN,2020-05-22,3,3,0,0,0
CT,2020-05-22,264,191,0,72,1
EX,2020-05-22,11,3,7,1,0
GA,2020-05-22,3,3,0,0,0
IB,2020-05-22,3,3,0,0,0
MC,2020-05-22,1,1,0,0,0
MD,2020-05-22,83,83,0,0,0
ML,2020-05-22,0,0,0,0,0
NC,2020-05-22,6,6,0,0,0
PV,2020-05-22,9,6,0,0,3
RI,2020-05-22,2,2,0,0,0
VC,2020-05-22,17,17,0,0,0
AN,2020-05-23,7,7,0,0,0
AR,2020-05-23,12,12,0,0,0
AS,2020-05-23,1,1,0,0,0
CB,2020-05-23,2,2,0,0,0
CE,2020-05-23,5,5,0,0,0
CL,2020-05-23,16,16,0,0,0
CM,2020-05-23,31,26,0,5,0
CN,2020-05-23,1,1,0,0,0
CT,2020-05-23,111,107,0,4,0
EX,2020-05-23,7,0,7,0,0
GA,2020-05-23,8,8,0,0,0
IB,2020-05-23,2,2,0,0,0
MC,2020-05-23,2,2,0,0,0
MD,2020-05-23,80,80,0,0,0
ML,2020-05-23,0,0,0,0,0
NC,2020-05-23,12,12,0,0,0
PV,2020-05-23,6,5,0,0,1
RI,2020-05-23,2,2,0,0,0
VC,2020-05-23,7,7,0,0,0
AN,2020-05-24,3,3,0,0,0
AR,2020-05-24,5,5,0,0,0
AS,2020-05-24,2,2,0,0,0
CB,2020-05-24,0,0,0,0,0
CE,2020-05-24,2,2,0,0,0
CL,2020-05-24,12,12,0,0,0
CM,2020-05-24,20,18,0,2,0
CN,2020-05-24,2,2,0,0,0
CT,2020-05-24,126,125,0,0,1
EX,2020-05-24,5,1,4,0,0
GA,2020-05-24,5,5,0,0,0
IB,2020-05-24,1,1,0,0,0
MC,2020-05-24,0,0,0,0,0
MD,2020-05-24,48,48,0,0,0
ML,2020-05-24,0,0,0,0,0
NC,2020-05-24,2,2,0,0,0
PV,2020-05-24,3,2,0,0,1
RI,2020-05-24,0,0,0,0,0
VC,2020-05-24,10,10,0,0,0
AN,2020-05-25,8,8,0,0,0
AR,2020-05-25,12,12,0,0,0
AS,2020-05-25,1,1,0,0,0
CB,2020-05-25,1,1,0,0,0
CE,2020-05-25,5,5,0,0,0
CL,2020-05-25,34,33,0,1,0
CM,2020-05-25,38,37,0,1,0
CN,2020-05-25,4,4,0,0,0
CT,2020-05-25,211,151,0,60,0
EX,2020-05-25,5,5,0,0,0
GA,2020-05-25,5,4,1,0,0
IB,2020-05-25,3,3,0,0,0
MC,2020-05-25,0,0,0,0,0
MD,2020-05-25,137,137,0,0,0
ML,2020-05-25,0,0,0,0,0
NC,2020-05-25,5,5,0,0,0
PV,2020-05-25,6,6,0,0,0
RI,2020-05-25,4,3,0,1,0
VC,2020-05-25,5,5,0,0,0
AN,2020-05-26,8,8,0,0,0
AR,2020-05-26,11,11,0,0,0
AS,2020-05-26,2,2,0,0,0
CB,2020-05-26,4,4,0,0,0
CE,2020-05-26,1,1,0,0,0
CL,2020-05-26,46,46,0,0,0
CM,2020-05-26,38,34,0,4,0
CN,2020-05-26,3,3,0,0,0
CT,2020-05-26,187,133,0,53,1
EX,2020-05-26,13,2,11,0,0
GA,2020-05-26,2,2,0,0,0
IB,2020-05-26,4,4,0,0,0
MC,2020-05-26,0,0,0,0,0
MD,2020-05-26,122,122,0,0,0
ML,2020-05-26,0,0,0,0,0
NC,2020-05-26,4,4,0,0,0
PV,2020-05-26,9,8,0,0,1
RI,2020-05-26,0,0,0,0,0
VC,2020-05-26,13,13,0,0,0
AN,2020-05-27,11,11,0,0,0
AR,2020-05-27,13,13,0,0,0
AS,2020-05-27,0,0,0,0,0
CB,2020-05-27,2,2,0,0,0
CE,2020-05-27,2,2,0,0,0
CL,2020-05-27,25,25,0,0,0
CM,2020-05-27,39,37,0,2,0
CN,2020-05-27,2,2,0,0,0
CT,2020-05-27,150,106,0,44,0
EX,2020-05-27,8,2,6,0,0
GA,2020-05-27,1,1,0,0,0
IB,2020-05-27,3,3,0,0,0
MC,2020-05-27,3,3,0,0,0
MD,2020-05-27,67,67,0,0,0
ML,2020-05-27,0,0,0,0,0
NC,2020-05-27,11,11,0,0,0
PV,2020-05-27,2,2,0,0,0
RI,2020-05-27,1,1,0,0,0
VC,2020-05-27,16,16,0,0,0
AN,2020-05-28,7,7,0,0,0
AR,2020-05-28,9,9,0,0,0
AS,2020-05-28,0,0,0,0,0
CB,2020-05-28,1,1,0,0,0
CE,2020-05-28,5,5,0,0,0
CL,2020-05-28,44,44,0,0,0
CM,2020-05-28,40,36,0,4,0
CN,2020-05-28,7,7,0,0,0
CT,2020-05-28,198,139,0,59,0
EX,2020-05-28,0,0,0,0,0
GA,2020-05-28,2,2,0,0,0
IB,2020-05-28,13,12,1,0,0
MC,2020-05-28,2,2,0,0,0
MD,2020-05-28,98,98,0,0,0
ML,2020-05-28,0,0,0,0,0
NC,2020-05-28,9,9,0,0,0
PV,2020-05-28,6,4,0,0,2
RI,2020-05-28,1,1,0,0,0
VC,2020-05-28,9,9,0,0,0
AN,2020-05-29,12,12,0,0,0
AR,2020-05-29,12,12,0,0,0
AS,2020-05-29,14,14,0,0,0
CB,2020-05-29,3,3,0,0,0
CE,2020-05-29,2,2,0,0,0
CL,2020-05-29,42,41,0,1,0
CM,2020-05-29,25,25,0,0,0
CN,2020-05-29,8,8,0,0,0
CT,2020-05-29,172,128,0,43,1
EX,2020-05-29,8,3,5,0,0
GA,2020-05-29,5,4,1,0,0
IB,2020-05-29,5,4,1,0,0
MC,2020-05-29,1,1,0,0,0
MD,2020-05-29,109,109,0,0,0
ML,2020-05-29,0,0,0,0,0
NC,2020-05-29,5,5,0,0,0
PV,2020-05-29,3,2,0,0,1
RI,2020-05-29,2,2,0,0,0
VC,2020-05-29,8,8,0,0,0
AN,2020-05-30,13,13,0,0,0
AR,2020-05-30,4,4,0,0,0
AS,2020-05-30,4,4,0,0,0
CB,2020-05-30,2,2,0,0,0
CE,2020-05-30,3,3,0,0,0
CL,2020-05-30,36,36,0,0,0
CM,2020-05-30,37,31,0,6,0
CN,2020-05-30,2,2,0,0,0
CT,2020-05-30,86,82,0,4,0
EX,2020-05-30,8,2,6,0,0
GA,2020-05-30,0,0,0,0,0
IB,2020-05-30,1,1,0,0,0
MC,2020-05-30,1,1,0,0,0
MD,2020-05-30,61,61,0,0,0
ML,2020-05-30,0,0,0,0,0
NC,2020-05-30,7,7,0,0,0
PV,2020-05-30,7,3,0,0,4
RI,2020-05-30,1,1,0,0,0
VC,2020-05-30,5,5,0,0,0
AN,2020-05-31,9,9,0,0,0
AR,2020-05-31,8,8,0,0,0
AS,2020-05-31,3,3,0,0,0
CB,2020-05-31,1,1,0,0,0
CE,2020-05-31,1,1,0,0,0
CL,2020-05-31,19,19,0,0,0
CM,2020-05-31,11,9,0,2,0
CN,2020-05-31,1,1,0,0,0
CT,2020-05-31,49,49,0,0,0
EX,2020-05-31,2,1,1,0,0
GA,2020-05-31,1,1,0,0,0
IB,2020-05-31,2,2,0,0,0
MC,2020-05-31,0,0,0,0,0
MD,2020-05-31,57,57,0,0,0
ML,2020-05-31,0,0,0,0,0
NC,2020-05-31,3,3,0,0,0
PV,2020-05-31,0,0,0,0,0
RI,2020-05-31,0,0,0,0,0
VC,2020-05-31,7,7,0,0,0
AN,2020-06-01,18,18,0,0,0
AR,2020-06-01,10,10,0,0,0
AS,2020-06-01,0,0,0,0,0
CB,2020-06-01,4,4,0,0,0
CE,2020-06-01,4,4,0,0,0
CL,2020-06-01,28,28,0,0,0
CM,2020-06-01,26,25,0,1,0
CN,2020-06-01,4,4,0,0,0
CT,2020-06-01,83,78,0,5,0
EX,2020-06-01,4,3,1,0,0
GA,2020-06-01,1,1,0,0,0
IB,2020-06-01,4,3,1,0,0
MC,2020-06-01,4,4,0,0,0
MD,2020-06-01,123,123,0,0,0
ML,2020-06-01,1,1,0,0,0
NC,2020-06-01,1,1,0,0,0
PV,2020-06-01,7,7,0,0,0
RI,2020-06-01,3,3,0,0,0
VC,2020-06-01,13,13,0,0,0
AN,2020-06-02,6,6,0,0,0
AR,2020-06-02,17,16,0,1,0
AS,2020-06-02,0,0,0,0,0
CB,2020-06-02,2,2,0,0,0
CE,2020-06-02,2,2,0,0,0
CL,2020-06-02,19,19,0,0,0
CM,2020-06-02,28,17,0,11,0
CN,2020-06-02,5,5,0,0,0
CT,2020-06-02,106,91,0,15,0
EX,2020-06-02,10,4,5,1,0
GA,2020-06-02,0,0,0,0,0
IB,2020-06-02,7,7,0,0,0
MC,2020-06-02,2,2,0,0,0
MD,2020-06-02,97,97,0,0,0
ML,2020-06-02,0,0,0,0,0
NC,2020-06-02,3,3,0,0,0
PV,2020-06-02,12,11,0,0,1
RI,2020-06-02,1,1,0,0,0
VC,2020-06-02,19,19,0,0,0
AN,2020-06-03,16,16,0,0,0
AR,2020-06-03,7,6,0,1,0
AS,2020-06-03,0,0,0,0,0
CB,2020-06-03,0,0,0,0,0
CE,2020-06-03,4,4,0,0,0
CL,2020-06-03,27,27,0,0,0
CM,2020-06-03,39,37,0,2,0
CN,2020-06-03,4,4,0,0,0
CT,2020-06-03,116,91,0,25,0
EX,2020-06-03,6,0,6,0,0
GA,2020-06-03,1,1,0,0,0
IB,2020-06-03,3,3,0,0,0
MC,2020-06-03,2,2,0,0,0
MD,2020-06-03,124,124,0,0,0
ML,2020-06-03,0,0,0,0,0
NC,2020-06-03,6,6,0,0,0
PV,2020-06-03,10,7,0,0,3
RI,2020-06-03,2,2,0,0,0
VC,2020-06-03,11,11,0,0,0
AN,2020-06-04,5,5,0,0,0
AR,2020-06-04,10,10,0,0,0
AS,2020-06-04,0,0,0,0,0
CB,2020-06-04,1,1,0,0,0
CE,2020-06-04,0,0,0,0,0
CL,2020-06-04,27,25,0,2,0
CM,2020-06-04,39,32,0,7,0
CN,2020-06-04,1,1,0,0,0
CT,2020-06-04,121,88,0,33,0
EX,2020-06-04,4,3,1,0,0
GA,2020-06-04,2,2,0,0,0
IB,2020-06-04,6,6,0,0,0
MC,2020-06-04,3,3,0,0,0
MD,2020-06-04,88,88,0,0,0
ML,2020-06-04,0,0,0,0,0
NC,2020-06-04,7,7,0,0,0
PV,2020-06-04,9,7,0,0,2
RI,2020-06-04,1,1,0,0,0
VC,2020-06-04,9,9,0,0,0
AN,2020-06-05,12,12,0,0,0
AR,2020-06-05,8,7,0,1,0
AS,2020-06-05,2,2,0,0,0
CB,2020-06-05,2,2,0,0,0
CE,2020-06-05,0,0,0,0,0
CL,2020-06-05,36,36,0,0,0
CM,2020-06-05,36,35,0,1,0
CN,2020-06-05,2,2,0,0,0
CT,2020-06-05,164,141,0,23,0
EX,2020-06-05,0,0,0,0,0
GA,2020-06-05,4,4,0,0,0
IB,2020-06-05,1,1,0,0,0
MC,2020-06-05,1,1,0,0,0
MD,2020-06-05,103,103,0,0,0
ML,2020-06-05,0,0,0,0,0
NC,2020-06-05,6,6,0,0,0
PV,2020-06-05,11,9,0,0,2
RI,2020-06-05,2,2,0,0,0
VC,2020-06-05,8,8,0,0,0
AN,2020-06-06,4,4,0,0,0
AR,2020-06-06,6,6,0,0,0
AS,2020-06-06,2,2,0,0,0
CB,2020-06-06,0,0,0,0,0
CE,2020-06-06,0,0,0,0,0
CL,2020-06-06,12,12,0,0,0
CM,2020-06-06,14,13,0,1,0
CN,2020-06-06,4,4,0,0,0
CT,2020-06-06,65,63,0,2,0
EX,2020-06-06,0,0,0,0,0
GA,2020-06-06,1,1,0,0,0
IB,2020-06-06,2,2,0,0,0
MC,2020-06-06,3,3,0,0,0
MD,2020-06-06,52,52,0,0,0
ML,2020-06-06,0,0,0,0,0
NC,2020-06-06,1,1,0,0,0
PV,2020-06-06,12,10,0,0,2
RI,2020-06-06,2,2,0,0,0
VC,2020-06-06,8,8,0,0,0
AN,2020-06-07,2,2,0,0,0
AR,2020-06-07,5,4,0,1,0
AS,2020-06-07,1,1,0,0,0
CB,2020-06-07,3,3,0,0,0
CE,2020-06-07,0,0,0,0,0
CL,2020-06-07,12,12,0,0,0
CM,2020-06-07,14,14,0,0,0
CN,2020-06-07,1,1,0,0,0
CT,2020-06-07,52,49,0,2,1
EX,2020-06-07,4,1,3,0,0
GA,2020-06-07,2,1,0,0,1
IB,2020-06-07,3,3,0,0,0
MC,2020-06-07,0,0,0,0,0
MD,2020-06-07,39,39,0,0,0
ML,2020-06-07,0,0,0,0,0
NC,2020-06-07,2,2,0,0,0
PV,2020-06-07,21,13,0,0,8
RI,2020-06-07,1,1,0,0,0
VC,2020-06-07,7,7,0,0,0
AN,2020-06-08,6,6,0,0,0
AR,2020-06-08,6,6,0,0,0
AS,2020-06-08,0,0,0,0,0
CB,2020-06-08,1,1,0,0,0
CE,2020-06-08,0,0,0,0,0
CL,2020-06-08,34,34,0,0,0
CM,2020-06-08,34,34,0,0,0
CN,2020-06-08,2,2,0,0,0
CT,2020-06-08,106,92,0,14,0
EX,2020-06-08,1,1,0,0,0
GA,2020-06-08,4,4,0,0,0
IB,2020-06-08,2,2,0,0,0
MC,2020-06-08,2,2,0,0,0
MD,2020-06-08,111,111,0,0,0
ML,2020-06-08,0,0,0,0,0
NC,2020-06-08,0,0,0,0,0
PV,2020-06-08,15,14,0,0,1
RI,2020-06-08,0,0,0,0,0
VC,2020-06-08,5,5,0,0,0
AN,2020-06-09,7,7,0,0,0
AR,2020-06-09,11,11,0,0,0
AS,2020-06-09,0,0,0,0,0
CB,2020-06-09,0,0,0,0,0
CE,2020-06-09,0,0,0,0,0
CL,2020-06-09,26,25,0,1,0
CM,2020-06-09,22,22,0,0,0
CN,2020-06-09,2,2,0,0,0
CT,2020-06-09,85,55,0,30,0
EX,2020-06-09,2,2,0,0,0
GA,2020-06-09,1,1,0,0,0
IB,2020-06-09,1,1,0,0,0
MC,2020-06-09,2,2,0,0,0
MD,2020-06-09,77,77,0,0,0
ML,2020-06-09,1,1,0,0,0
NC,2020-06-09,4,4,0,0,0
PV,2020-06-09,12,11,0,0,1
RI,2020-06-09,1,1,0,0,0
VC,2020-06-09,8,8,0,0,0
AN,2020-06-10,6,6,0,0,0
AR,2020-06-10,3,3,0,0,0
AS,2020-06-10,0,0,0,0,0
CB,2020-06-10,1,0,1,0,0
CE,2020-06-10,0,0,0,0,0
CL,2020-06-10,18,17,0,1,0
CM,2020-06-10,19,17,0,2,0
CN,2020-06-10,2,2,0,0,0
CT,2020-06-10,112,67,0,45,0
EX,2020-06-10,1,1,0,0,0
GA,2020-06-10,1,1,0,0,0
IB,2020-06-10,3,3,0,0,0
MC,2020-06-10,1,1,0,0,0
MD,2020-06-10,89,89,0,0,0
ML,2020-06-10,0,0,0,0,0
NC,2020-06-10,4,4,0,0,0
PV,2020-06-10,7,7,0,0,0
RI,2020-06-10,0,0,0,0,0
VC,2020-06-10,3,3,0,0,0
AN,2020-06-11,3,3,0,0,0
AR,2020-06-11,6,6,0,0,0
AS,2020-06-11,3,3,0,0,0
CB,2020-06-11,3,3,0,0,0
CE,2020-06-11,0,0,0,0,0
CL,2020-06-11,17,17,0,0,0
CM,2020-06-11,10,9,0,1,0
CN,2020-06-11,2,1,0,0,1
CT,2020-06-11,103,62,0,41,0
EX,2020-06-11,0,0,0,0,0
GA,2020-06-11,2,2,0,0,0
IB,2020-06-11,4,4,0,0,0
MC,2020-06-11,0,0,0,0,0
MD,2020-06-11,55,55,0,0,0
ML,2020-06-11,0,0,0,0,0
NC,2020-06-11,2,2,0,0,0
PV,2020-06-11,10,10,0,0,0
RI,2020-06-11,1,1,0,0,0
VC,2020-06-11,10,10,0,0,0
AN,2020-06-12,4,4,0,0,0
AR,2020-06-12,4,4,0,0,0
AS,2020-06-12,0,0,0,0,0
CB,2020-06-12,2,2,0,0,0
CE,2020-06-12,0,0,0,0,0
CL,2020-06-12,21,20,0,1,0
CM,2020-06-12,20,18,0,2,0
CN,2020-06-12,3,3,0,0,0
CT,2020-06-12,104,79,0,25,0
EX,2020-06-12,1,1,0,0,0
GA,2020-06-12,2,2,0,0,0
IB,2020-06-12,6,6,0,0,0
MC,2020-06-12,0,0,0,0,0
MD,2020-06-12,127,127,0,0,0
ML,2020-06-12,0,0,0,0,0
NC,2020-06-12,1,1,0,0,0
PV,2020-06-12,15,15,0,0,0
RI,2020-06-12,0,0,0,0,0
VC,2020-06-12,11,11,0,0,0
AN,2020-06-13,4,4,0,0,0
AR,2020-06-13,6,6,0,0,0
AS,2020-06-13,0,0,0,0,0
CB,2020-06-13,1,1,0,0,0
CE,2020-06-13,0,0,0,0,0
CL,2020-06-13,12,11,0,1,0
CM,2020-06-13,8,8,0,0,0
CN,2020-06-13,2,2,0,0,0
CT,2020-06-13,33,30,0,3,0
EX,2020-06-13,1,1,0,0,0
GA,2020-06-13,0,0,0,0,0
IB,2020-06-13,2,2,0,0,0
MC,2020-06-13,1,1,0,0,0
MD,2020-06-13,21,21,0,0,0
ML,2020-06-13,0,0,0,0,0
NC,2020-06-13,1,1,0,0,0
PV,2020-06-13,9,9,0,0,0
RI,2020-06-13,2,2,0,0,0
VC,2020-06-13,3,3,0,0,0
AN,2020-06-14,3,3,0,0,0
AR,2020-06-14,3,2,0,1,0
AS,2020-06-14,0,0,0,0,0
CB,2020-06-14,2,2,0,0,0
CE,2020-06-14,0,0,0,0,0
CL,2020-06-14,7,5,0,2,0
CM,2020-06-14,12,12,0,0,0
CN,2020-06-14,1,1,0,0,0
CT,2020-06-14,41,40,0,1,0
EX,2020-06-14,0,0,0,0,0
GA,2020-06-14,1,1,0,0,0
IB,2020-06-14,4,4,0,0,0
MC,2020-06-14,3,3,0,0,0
MD,2020-06-14,46,46,0,0,0
ML,2020-06-14,0,0,0,0,0
NC,2020-06-14,2,2,0,0,0
PV,2020-06-14,6,6,0,0,0
RI,2020-06-14,1,1,0,0,0
VC,2020-06-14,1,1,0,0,0
AN,2020-06-15,7,7,0,0,0
AR,2020-06-15,8,8,0,0,0
AS,2020-06-15,0,0,0,0,0
CB,2020-06-15,1,1,0,0,0
CE,2020-06-15,0,0,0,0,0
CL,2020-06-15,15,15,0,0,0
CM,2020-06-15,13,13,0,0,0
CN,2020-06-15,1,1,0,0,0
CT,2020-06-15,77,56,0,21,0
EX,2020-06-15,5,5,0,0,0
GA,2020-06-15,3,3,0,0,0
IB,2020-06-15,3,3,0,0,0
MC,2020-06-15,2,2,0,0,0
MD,2020-06-15,103,103,0,0,0
ML,2020-06-15,1,1,0,0,0
NC,2020-06-15,4,4,0,0,0
PV,2020-06-15,14,14,0,0,0
RI,2020-06-15,0,0,0,0,0
VC,2020-06-15,11,11,0,0,0
AN,2020-06-16,9,9,0,0,0
AR,2020-06-16,8,8,0,0,0
AS,2020-06-16,0,0,0,0,0
CB,2020-06-16,2,2,0,0,0
CE,2020-06-16,0,0,0,0,0
CL,2020-06-16,41,40,0,1,0
CM,2020-06-16,20,19,0,1,0
CN,2020-06-16,2,2,0,0,0
CT,2020-06-16,74,61,0,13,0
EX,2020-06-16,2,2,0,0,0
GA,2020-06-16,1,1,0,0,0
IB,2020-06-16,4,4,0,0,0
MC,2020-06-16,1,1,0,0,0
MD,2020-06-16,51,51,0,0,0
ML,2020-06-16,0,0,0,0,0
NC,2020-06-16,12,12,0,0,0
PV,2020-06-16,10,10,0,0,0
RI,2020-06-16,1,1,0,0,0
VC,2020-06-16,10,10,0,0,0
AN,2020-06-17,10,10,0,0,0
AR,2020-06-17,6,6,0,0,0
AS,2020-06-17,0,0,0,0,0
CB,2020-06-17,3,3,0,0,0
CE,2020-06-17,0,0,0,0,0
CL,2020-06-17,18,18,0,0,0
CM,2020-06-17,15,15,0,0,0
CN,2020-06-17,14,14,0,0,0
CT,2020-06-17,92,76,0,16,0
EX,2020-06-17,7,7,0,0,0
GA,2020-06-17,4,4,0,0,0
IB,2020-06-17,4,4,0,0,0
MC,2020-06-17,2,2,0,0,0
MD,2020-06-17,64,64,0,0,0
ML,2020-06-17,0,0,0,0,0
NC,2020-06-17,3,3,0,0,0
PV,2020-06-17,8,8,0,0,0
RI,2020-06-17,0,0,0,0,0
VC,2020-06-17,8,8,0,0,0
AN,2020-06-18,24,24,0,0,0
AR,2020-06-18,16,16,0,0,0
AS,2020-06-18,0,0,0,0,0
CB,2020-06-18,5,5,0,0,0
CE,2020-06-18,0,0,0,0,0
CL,2020-06-18,11,10,0,1,0
CM,2020-06-18,12,12,0,0,0
CN,2020-06-18,0,0,0,0,0
CT,2020-06-18,101,87,0,14,0
EX,2020-06-18,4,4,0,0,0
GA,2020-06-18,0,0,0,0,0
IB,2020-06-18,5,5,0,0,0
MC,2020-06-18,2,2,0,0,0
MD,2020-06-18,77,77,0,0,0
ML,2020-06-18,0,0,0,0,0
NC,2020-06-18,6,6,0,0,0
PV,2020-06-18,12,12,0,0,0
RI,2020-06-18,1,1,0,0,0
VC,2020-06-18,8,8,0,0,0
AN,2020-06-19,11,11,0,0,0
AR,2020-06-19,27,27,0,0,0
AS,2020-06-19,0,0,0,0,0
CB,2020-06-19,0,0,0,0,0
CE,2020-06-19,0,0,0,0,0
CL,2020-06-19,14,13,0,1,0
CM,2020-06-19,12,12,0,0,0
CN,2020-06-19,1,1,0,0,0
CT,2020-06-19,89,75,0,14,0
EX,2020-06-19,2,2,0,0,0
GA,2020-06-19,1,1,0,0,0
IB,2020-06-19,8,8,0,0,0
MC,2020-06-19,3,3,0,0,0
MD,2020-06-19,63,63,0,0,0
ML,2020-06-19,0,0,0,0,0
NC,2020-06-19,7,7,0,0,0
PV,2020-06-19,11,11,0,0,0
RI,2020-06-19,0,0,0,0,0
VC,2020-06-19,10,10,0,0,0
AN,2020-06-20,15,15,0,0,0
AR,2020-06-20,29,29,0,0,0
AS,2020-06-20,0,0,0,0,0
CB,2020-06-20,3,3,0,0,0
CE,2020-06-20,0,0,0,0,0
CL,2020-06-20,15,14,0,1,0
CM,2020-06-20,19,19,0,0,0
CN,2020-06-20,11,11,0,0,0
CT,2020-06-20,77,75,0,2,0
EX,2020-06-20,1,1,0,0,0
GA,2020-06-20,7,7,0,0,0
IB,2020-06-20,3,3,0,0,0
MC,2020-06-20,3,3,0,0,0
MD,2020-06-20,50,50,0,0,0
ML,2020-06-20,0,0,0,0,0
NC,2020-06-20,5,5,0,0,0
PV,2020-06-20,4,4,0,0,0
RI,2020-06-20,1,1,0,0,0
VC,2020-06-20,5,5,0,0,0
AN,2020-06-21,10,10,0,0,0
AR,2020-06-21,41,40,0,1,0
AS,2020-06-21,0,0,0,0,0
CB,2020-06-21,2,2,0,0,0
CE,2020-06-21,0,0,0,0,0
CL,2020-06-21,7,7,0,0,0
CM,2020-06-21,15,15,0,0,0
CN,2020-06-21,1,1,0,0,0
CT,2020-06-21,67,66,0,1,0
EX,2020-06-21,5,5,0,0,0
GA,2020-06-21,3,3,0,0,0
IB,2020-06-21,1,1,0,0,0
MC,2020-06-21,3,3,0,0,0
MD,2020-06-21,32,32,0,0,0
ML,2020-06-21,2,0,0,0,2
NC,2020-06-21,18,18,0,0,0
PV,2020-06-21,6,6,0,0,0
RI,2020-06-21,0,0,0,0,0
VC,2020-06-21,9,9,0,0,0
AN,2020-06-22,16,16,0,0,0
AR,2020-06-22,56,56,0,0,0
AS,2020-06-22,0,0,0,0,0
CB,2020-06-22,1,1,0,0,0
CE,2020-06-22,0,0,0,0,0
CL,2020-06-22,14,14,0,0,0
CM,2020-06-22,8,8,0,0,0
CN,2020-06-22,0,0,0,0,0
CT,2020-06-22,113,92,0,21,0
EX,2020-06-22,1,1,0,0,0
GA,2020-06-22,0,0,0,0,0
IB,2020-06-22,1,1,0,0,0
MC,2020-06-22,3,3,0,0,0
MD,2020-06-22,37,37,0,0,0
ML,2020-06-22,0,0,0,0,0
NC,2020-06-22,16,16,0,0,0
PV,2020-06-22,7,7,0,0,0
RI,2020-06-22,0,0,0,0,0
VC,2020-06-22,7,7,0,0,0
AN,2020-06-23,13,13,0,0,0
AR,2020-06-23,47,47,0,0,0
AS,2020-06-23,0,0,0,0,0
CB,2020-06-23,2,2,0,0,0
CE,2020-06-23,0,0,0,0,0
CL,2020-06-23,30,29,0,1,0
CM,2020-06-23,14,14,0,0,0
CN,2020-06-23,6,6,0,0,0
CT,2020-06-23,114,93,0,21,0
EX,2020-06-23,6,5,1,0,0
GA,2020-06-23,5,5,0,0,0
IB,2020-06-23,5,5,0,0,0
MC,2020-06-23,5,5,0,0,0
MD,2020-06-23,53,53,0,0,0
ML,2020-06-23,0,0,0,0,0
NC,2020-06-23,11,11,0,0,0
PV,2020-06-23,5,5,0,0,0
RI,2020-06-23,1,1,0,0,0
VC,2020-06-23,11,11,0,0,0
AN,2020-06-24,95,95,0,0,0
AR,2020-06-24,64,64,0,0,0
AS,2020-06-24,0,0,0,0,0
CB,2020-06-24,2,2,0,0,0
CE,2020-06-24,0,0,0,0,0
CL,2020-06-24,14,14,0,0,0
CM,2020-06-24,21,21,0,0,0
CN,2020-06-24,1,1,0,0,0
CT,2020-06-24,85,85,0,0,0
EX,2020-06-24,1,1,0,0,0
GA,2020-06-24,5,5,0,0,0
IB,2020-06-24,3,3,0,0,0
MC,2020-06-24,7,7,0,0,0
MD,2020-06-24,35,35,0,0,0
ML,2020-06-24,0,0,0,0,0
NC,2020-06-24,8,8,0,0,0
PV,2020-06-24,13,13,0,0,0
RI,2020-06-24,1,1,0,0,0
VC,2020-06-24,6,6,0,0,0
AN,2020-06-25,22,22,0,0,0
AR,2020-06-25,47,47,0,0,0
AS,2020-06-25,0,0,0,0,0
CB,2020-06-25,0,0,0,0,0
CE,2020-06-25,0,0,0,0,0
CL,2020-06-25,15,15,0,0,0
CM,2020-06-25,15,15,0,0,0
CN,2020-06-25,1,1,0,0,0
CT,2020-06-25,132,101,0,31,0
EX,2020-06-25,4,4,0,0,0
GA,2020-06-25,8,8,0,0,0
IB,2020-06-25,1,1,0,0,0
MC,2020-06-25,5,5,0,0,0
MD,2020-06-25,54,54,0,0,0
ML,2020-06-25,0,0,0,0,0
NC,2020-06-25,5,5,0,0,0
PV,2020-06-25,5,5,0,0,0
RI,2020-06-25,0,0,0,0,0
VC,2020-06-25,7,7,0,0,0
AN,2020-06-26,18,18,0,0,0
AR,2020-06-26,23,23,0,0,0
AS,2020-06-26,0,0,0,0,0
CB,2020-06-26,3,3,0,0,0
CE,2020-06-26,0,0,0,0,0
CL,2020-06-26,16,16,0,0,0
CM,2020-06-26,25,25,0,0,0
CN,2020-06-26,1,1,0,0,0
CT,2020-06-26,195,157,0,38,0
EX,2020-06-26,0,0,0,0,0
GA,2020-06-26,4,4,0,0,0
IB,2020-06-26,9,9,0,0,0
MC,2020-06-26,6,6,0,0,0
MD,2020-06-26,58,58,0,0,0
ML,2020-06-26,0,0,0,0,0
NC,2020-06-26,5,5,0,0,0
PV,2020-06-26,10,10,0,0,0
RI,2020-06-26,0,0,0,0,0
VC,2020-06-26,12,12,0,0,0
AN,2020-06-27,14,14,0,0,0
AR,2020-06-27,56,56,0,0,0
AS,2020-06-27,0,0,0,0,0
CB,2020-06-27,2,2,0,0,0
CE,2020-06-27,0,0,0,0,0
CL,2020-06-27,13,13,0,0,0
CM,2020-06-27,19,19,0,0,0
CN,2020-06-27,0,0,0,0,0
CT,2020-06-27,110,110,0,0,0
EX,2020-06-27,5,5,0,0,0
GA,2020-06-27,9,8,0,1,0
IB,2020-06-27,5,5,0,0,0
MC,2020-06-27,6,6,0,0,0
MD,2020-06-27,27,27,0,0,0
ML,2020-06-27,0,0,0,0,0
NC,2020-06-27,7,7,0,0,0
PV,2020-06-27,5,5,0,0,0
RI,2020-06-27,0,0,0,0,0
VC,2020-06-27,13,13,0,0,0
AN,2020-06-28,27,27,0,0,0
AR,2020-06-28,15,15,0,0,0
AS,2020-06-28,0,0,0,0,0
CB,2020-06-28,0,0,0,0,0
CE,2020-06-28,0,0,0,0,0
CL,2020-06-28,5,5,0,0,0
CM,2020-06-28,11,11,0,0,0
CN,2020-06-28,0,0,0,0,0
CT,2020-06-28,103,102,0,1,0
EX,2020-06-28,3,3,0,0,0
GA,2020-06-28,11,11,0,0,0
IB,2020-06-28,5,5,0,0,0
MC,2020-06-28,3,3,0,0,0
MD,2020-06-28,23,23,0,0,0
ML,2020-06-28,0,0,0,0,0
NC,2020-06-28,3,3,0,0,0
PV,2020-06-28,7,7,0,0,0
RI,2020-06-28,1,1,0,0,0
VC,2020-06-28,13,13,0,0,0
AN,2020-06-29,22,22,0,0,0
AR,2020-06-29,21,21,0,0,0
AS,2020-06-29,1,1,0,0,0
CB,2020-06-29,0,0,0,0,0
CE,2020-06-29,0,0,0,0,0
CL,2020-06-29,11,11,0,0,0
CM,2020-06-29,11,11,0,0,0
CN,2020-06-29,0,0,0,0,0
CT,2020-06-29,170,153,0,17,0
EX,2020-06-29,5,5,0,0,0
GA,2020-06-29,8,8,0,0,0
IB,2020-06-29,8,8,0,0,0
MC,2020-06-29,10,10,0,0,0
MD,2020-06-29,41,41,0,0,0
ML,2020-06-29,0,0,0,0,0
NC,2020-06-29,1,1,0,0,0
PV,2020-06-29,8,8,0,0,0
RI,2020-06-29,1,1,0,0,0
VC,2020-06-29,17,17,0,0,0
AN,2020-06-30,24,24,0,0,0
AR,2020-06-30,32,32,0,0,0
AS,2020-06-30,0,0,0,0,0
CB,2020-06-30,1,1,0,0,0
CE,2020-06-30,0,0,0,0,0
CL,2020-06-30,13,13,0,0,0
CM,2020-06-30,11,11,0,0,0
CN,2020-06-30,5,5,0,0,0
CT,2020-06-30,165,148,0,14,3
EX,2020-06-30,7,7,0,0,0
GA,2020-06-30,20,20,0,0,0
IB,2020-06-30,3,3,0,0,0
MC,2020-06-30,2,2,0,0,0
MD,2020-06-30,63,63,0,0,0
ML,2020-06-30,0,0,0,0,0
NC,2020-06-30,2,2,0,0,0
PV,2020-06-30,14,14,0,0,0
RI,2020-06-30,0,0,0,0,0
VC,2020-06-30,16,16,0,0,0
AN,2020-07-01,20,20,0,0,0
AR,2020-07-01,32,32,0,0,0
AS,2020-07-01,1,1,0,0,0
CB,2020-07-01,1,1,0,0,0
CE,2020-07-01,0,0,0,0,0
CL,2020-07-01,10,9,0,1,0
CM,2020-07-01,16,16,0,0,0
CN,2020-07-01,6,6,0,0,0
CT,2020-07-01,265,243,0,22,0
EX,2020-07-01,9,9,0,0,0
GA,2020-07-01,12,12,0,0,0
IB,2020-07-01,4,4,0,0,0
MC,2020-07-01,4,4,0,0,0
MD,2020-07-01,39,39,0,0,0
ML,2020-07-01,0,0,0,0,0
NC,2020-07-01,6,6,0,0,0
PV,2020-07-01,6,6,0,0,0
RI,2020-07-01,0,0,0,0,0
VC,2020-07-01,19,19,0,0,0
AN,2020-07-02,14,14,0,0,0
AR,2020-07-02,25,25,0,0,0
AS,2020-07-02,0,0,0,0,0
CB,2020-07-02,0,0,0,0,0
CE,2020-07-02,0,0,0,0,0
CL,2020-07-02,9,9,0,0,0
CM,2020-07-02,14,14,0,0,0
CN,2020-07-02,1,1,0,0,0
CT,2020-07-02,231,208,0,21,2
EX,2020-07-02,4,4,0,0,0
GA,2020-07-02,23,23,0,0,0
IB,2020-07-02,2,2,0,0,0
MC,2020-07-02,1,1,0,0,0
MD,2020-07-02,31,31,0,0,0
ML,2020-07-02,0,0,0,0,0
NC,2020-07-02,4,4,0,0,0
PV,2020-07-02,8,8,0,0,0
RI,2020-07-02,0,0,0,0,0
VC,2020-07-02,20,20,0,0,0
AN,2020-07-03,24,24,0,0,0
AR,2020-07-03,43,43,0,0,0
AS,2020-07-03,0,0,0,0,0
CB,2020-07-03,3,3,0,0,0
CE,2020-07-03,0,0,0,0,0
CL,2020-07-03,12,12,0,0,0
CM,2020-07-03,22,22,0,0,0
CN,2020-07-03,4,4,0,0,0
CT,2020-07-03,269,262,0,7,0
EX,2020-07-03,8,8,0,0,0
GA,2020-07-03,32,32,0,0,0
IB,2020-07-03,4,4,0,0,0
MC,2020-07-03,2,2,0,0,0
MD,2020-07-03,53,53,0,0,0
ML,2020-07-03,0,0,0,0,0
NC,2020-07-03,6,6,0,0,0
PV,2020-07-03,13,13,0,0,0
RI,2020-07-03,0,0,0,0,0
VC,2020-07-03,13,13,0,0,0
AN,2020-07-04,25,25,0,0,0
AR,2020-07-04,26,26,0,0,0
AS,2020-07-04,0,0,0,0,0
CB,2020-07-04,0,0,0,0,0
CE,2020-07-04,0,0,0,0,0
CL,2020-07-04,7,7,0,0,0
CM,2020-07-04,19,19,0,0,0
CN,2020-07-04,4,4,0,0,0
CT,2020-07-04,218,217,0,0,1
EX,2020-07-04,4,4,0,0,0
GA,2020-07-04,16,16,0,0,0
IB,2020-07-04,3,3,0,0,0
MC,2020-07-04,5,5,0,0,0
MD,2020-07-04,21,21,0,0,0
ML,2020-07-04,0,0,0,0,0
NC,2020-07-04,5,5,0,0,0
PV,2020-07-04,6,6,0,0,0
RI,2020-07-04,0,0,0,0,0
VC,2020-07-04,6,6,0,0,0
AN,2020-07-05,15,15,0,0,0
AR,2020-07-05,30,30,0,0,0
AS,2020-07-05,0,0,0,0,0
CB,2020-07-05,2,2,0,0,0
CE,2020-07-05,0,0,0,0,0
CL,2020-07-05,3,3,0,0,0
CM,2020-07-05,16,16,0,0,0
CN,2020-07-05,1,1,0,0,0
CT,2020-07-05,212,212,0,0,0
EX,2020-07-05,6,6,0,0,0
GA,2020-07-05,11,11,0,0,0
IB,2020-07-05,3,3,0,0,0
MC,2020-07-05,6,6,0,0,0
MD,2020-07-05,30,30,0,0,0
ML,2020-07-05,0,0,0,0,0
NC,2020-07-05,0,0,0,0,0
PV,2020-07-05,14,14,0,0,0
RI,2020-07-05,1,1,0,0,0
VC,2020-07-05,10,10,0,0,0
AN,2020-07-06,19,19,0,0,0
AR,2020-07-06,53,53,0,0,0
AS,2020-07-06,0,0,0,0,0
CB,2020-07-06,0,0,0,0,0
CE,2020-07-06,0,0,0,0,0
CL,2020-07-06,9,8,0,1,0
CM,2020-07-06,13,13,0,0,0
CN,2020-07-06,1,0,0,0,1
CT,2020-07-06,306,304,0,0,2
EX,2020-07-06,2,2,0,0,0
GA,2020-07-06,18,18,0,0,0
IB,2020-07-06,4,3,1,0,0
MC,2020-07-06,6,6,0,0,0
MD,2020-07-06,44,44,0,0,0
ML,2020-07-06,0,0,0,0,0
NC,2020-07-06,10,10,0,0,0
PV,2020-07-06,25,25,0,0,0
RI,2020-07-06,0,0,0,0,0
VC,2020-07-06,17,17,0,0,0
AN,2020-07-07,28,28,0,0,0
AR,2020-07-07,73,73,0,0,0
AS,2020-07-07,0,0,0,0,0
CB,2020-07-07,0,0,0,0,0
CE,2020-07-07,0,0,0,0,0
CL,2020-07-07,10,9,0,1,0
CM,2020-07-07,6,6,0,0,0
CN,2020-07-07,3,3,0,0,0
CT,2020-07-07,367,366,0,0,1
EX,2020-07-07,13,13,0,0,0
GA,2020-07-07,33,33,0,0,0
IB,2020-07-07,1,1,0,0,0
MC,2020-07-07,9,9,0,0,0
MD,2020-07-07,45,45,0,0,0
ML,2020-07-07,0,0,0,0,0
NC,2020-07-07,12,12,0,0,0
PV,2020-07-07,25,25,0,0,0
RI,2020-07-07,4,4,0,0,0
VC,2020-07-07,21,21,0,0,0
AN,2020-07-08,48,48,0,0,0
AR,2020-07-08,53,53,0,0,0
AS,2020-07-08,2,2,0,0,0
CB,2020-07-08,2,2,0,0,0
CE,2020-07-08,0,0,0,0,0
CL,2020-07-08,11,10,0,1,0
CM,2020-07-08,16,16,0,0,0
CN,2020-07-08,8,8,0,0,0
CT,2020-07-08,414,414,0,0,0
EX,2020-07-08,5,5,0,0,0
GA,2020-07-08,24,24,0,0,0
IB,2020-07-08,4,4,0,0,0
MC,2020-07-08,11,11,0,0,0
MD,2020-07-08,53,53,0,0,0
ML,2020-07-08,0,0,0,0,0
NC,2020-07-08,8,8,0,0,0
PV,2020-07-08,35,35,0,0,0
RI,2020-07-08,5,5,0,0,0
VC,2020-07-08,24,24,0,0,0
AN,2020-07-09,36,36,0,0,0
AR,2020-07-09,56,56,0,0,0
AS,2020-07-09,0,0,0,0,0
CB,2020-07-09,1,1,0,0,0
CE,2020-07-09,0,0,0,0,0
CL,2020-07-09,7,7,0,0,0
CM,2020-07-09,17,17,0,0,0
CN,2020-07-09,4,3,0,0,1
CT,2020-07-09,397,396,0,0,1
EX,2020-07-09,23,23,0,0,0
GA,2020-07-09,18,18,0,0,0
IB,2020-07-09,5,5,0,0,0
MC,2020-07-09,3,3,0,0,0
MD,2020-07-09,42,42,0,0,0
ML,2020-07-09,0,0,0,0,0
NC,2020-07-09,29,29,0,0,0
PV,2020-07-09,26,26,0,0,0
RI,2020-07-09,1,1,0,0,0
VC,2020-07-09,18,18,0,0,0
AN,2020-07-10,58,58,0,0,0
AR,2020-07-10,90,90,0,0,0
AS,2020-07-10,1,1,0,0,0
CB,2020-07-10,1,1,0,0,0
CE,2020-07-10,0,0,0,0,0
CL,2020-07-10,15,14,0,1,0
CM,2020-07-10,21,21,0,0,0
CN,2020-07-10,2,2,0,0,0
CT,2020-07-10,450,450,0,0,0
EX,2020-07-10,45,45,0,0,0
GA,2020-07-10,7,7,0,0,0
IB,2020-07-10,5,5,0,0,0
MC,2020-07-10,5,5,0,0,0
MD,2020-07-10,44,44,0,0,0
ML,2020-07-10,0,0,0,0,0
NC,2020-07-10,16,16,0,0,0
PV,2020-07-10,21,21,0,0,0
RI,2020-07-10,9,9,0,0,0
VC,2020-07-10,24,24,0,0,0
AN,2020-07-11,40,40,0,0,0
AR,2020-07-11,168,168,0,0,0
AS,2020-07-11,3,3,0,0,0
CB,2020-07-11,1,1,0,0,0
CE,2020-07-11,0,0,0,0,0
CL,2020-07-11,12,12,0,0,0
CM,2020-07-11,16,16,0,0,0
CN,2020-07-11,1,1,0,0,0
CT,2020-07-11,247,247,0,0,0
EX,2020-07-11,17,17,0,0,0
GA,2020-07-11,11,11,0,0,0
IB,2020-07-11,5,5,0,0,0
MC,2020-07-11,12,12,0,0,0
MD,2020-07-11,47,47,0,0,0
ML,2020-07-11,0,0,0,0,0
NC,2020-07-11,28,28,0,0,0
PV,2020-07-11,27,27,0,0,0
RI,2020-07-11,3,3,0,0,0
VC,2020-07-11,21,21,0,0,0
AN,2020-07-12,19,19,0,0,0
AR,2020-07-12,83,83,0,0,0
AS,2020-07-12,0,0,0,0,0
CB,2020-07-12,2,2,0,0,0
CE,2020-07-12,0,0,0,0,0
CL,2020-07-12,6,5,0,0,1
CM,2020-07-12,20,20,0,0,0
CN,2020-07-12,4,4,0,0,0
CT,2020-07-12,176,176,0,0,0
EX,2020-07-12,12,12,0,0,0
GA,2020-07-12,1,1,0,0,0
IB,2020-07-12,3,3,0,0,0
MC,2020-07-12,6,6,0,0,0
MD,2020-07-12,37,37,0,0,0
ML,2020-07-12,2,2,0,0,0
NC,2020-07-12,18,18,0,0,0
PV,2020-07-12,29,29,0,0,0
RI,2020-07-12,2,2,0,0,0
VC,2020-07-12,8,8,0,0,0
AN,2020-07-13,21,21,0,0,0
AR,2020-07-13,109,109,0,0,0
AS,2020-07-13,0,0,0,0,0
CB,2020-07-13,1,1,0,0,0
CE,2020-07-13,0,0,0,0,0
CL,2020-07-13,21,21,0,0,0
CM,2020-07-13,3,3,0,0,0
CN,2020-07-13,2,2,0,0,0
CT,2020-07-13,278,278,0,0,0
EX,2020-07-13,12,12,0,0,0
GA,2020-07-13,5,5,0,0,0
IB,2020-07-13,2,2,0,0,0
MC,2020-07-13,3,3,0,0,0
MD,2020-07-13,64,64,0,0,0
ML,2020-07-13,0,0,0,0,0
NC,2020-07-13,13,13,0,0,0
PV,2020-07-13,22,22,0,0,0
RI,2020-07-13,2,2,0,0,0
VC,2020-07-13,13,13,0,0,0
AN,2020-07-14,68,68,0,0,0
AR,2020-07-14,119,119,0,0,0
AS,2020-07-14,0,0,0,0,0
CB,2020-07-14,2,2,0,0,0
CE,2020-07-14,1,1,0,0,0
CL,2020-07-14,14,14,0,0,0
CM,2020-07-14,4,4,0,0,0
CN,2020-07-14,1,1,0,0,0
CT,2020-07-14,298,298,0,0,0
EX,2020-07-14,3,3,0,0,0
GA,2020-07-14,11,11,0,0,0
IB,2020-07-14,4,4,0,0,0
MC,2020-07-14,2,2,0,0,0
MD,2020-07-14,29,29,0,0,0
ML,2020-07-14,0,0,0,0,0
NC,2020-07-14,3,3,0,0,0
PV,2020-07-14,23,23,0,0,0
RI,2020-07-14,4,4,0,0,0
VC,2020-07-14,14,14,0,0,0
AN,2020-07-15,45,45,0,0,0
AR,2020-07-15,114,114,0,0,0
AS,2020-07-15,0,0,0,0,0
CB,2020-07-15,2,2,0,0,0
CE,2020-07-15,0,0,0,0,0
CL,2020-07-15,5,5,0,0,0
CM,2020-07-15,14,14,0,0,0
CN,2020-07-15,8,8,0,0,0
CT,2020-07-15,575,575,0,0,0
EX,2020-07-15,8,8,0,0,0
GA,2020-07-15,9,9,0,0,0
IB,2020-07-15,7,7,0,0,0
MC,2020-07-15,3,3,0,0,0
MD,2020-07-15,12,12,0,0,0
ML,2020-07-15,0,0,0,0,0
NC,2020-07-15,1,1,0,0,0
PV,2020-07-15,33,33,0,0,0
RI,2020-07-15,0,0,0,0,0
VC,2020-07-15,17,17,0,0,0
AN,2020-07-16,25,25,0,0,0
AR,2020-07-16,218,218,0,0,0
AS,2020-07-16,0,0,0,0,0
CB,2020-07-16,0,0,0,0,0
CE,2020-07-16,0,0,0,0,0
CL,2020-07-16,3,3,0,0,0
CM,2020-07-16,10,10,0,0,0
CN,2020-07-16,1,1,0,0,0
CT,2020-07-16,118,118,0,0,0
EX,2020-07-16,0,0,0,0,0
GA,2020-07-16,10,10,0,0,0
IB,2020-07-16,2,2,0,0,0
MC,2020-07-16,0,0,0,0,0
MD,2020-07-16,2,2,0,0,0
ML,2020-07-16,0,0,0,0,0
NC,2020-07-16,0,0,0,0,0
PV,2020-07-16,24,24,0,0,0
RI,2020-07-16,3,3,0,0,0
VC,2020-07-16,12,12,0,0,0
